{"v":"5.3.4","fr":29.9700012207031,"ip":0,"op":600.000024438501,"w":300,"h":300,"nm":"Comp 1","ddd":0,"assets":[{"id":"comp_0","layers":[{"ddd":0,"ind":1,"ty":4,"nm":"Candado Outlines","sr":1,"ks":{"o":{"a":0,"k":100,"ix":11},"r":{"a":0,"k":0,"ix":10},"p":{"a":0,"k":[291.167,179.184,0],"ix":2},"a":{"a":0,"k":[42.356,50.618,0],"ix":1},"s":{"a":1,"k":[{"i":{"x":[0.833,0.833,0.833],"y":[0.936,0.936,-5.41]},"o":{"x":[0.167,0.167,0.167],"y":[0.167,0.167,21.667]},"n":["0p833_0p936_0p167_0p167","0p833_0p936_0p167_0p167","0p833_-5p41_0p167_21p667"],"t":5,"s":[0,0,100],"e":[130,130,100]},{"i":{"x":[0.833,0.833,0.833],"y":[0.833,0.833,9.846]},"o":{"x":[0.167,0.167,0.167],"y":[-0.278,-0.278,6.41]},"n":["0p833_0p833_0p167_-0p278","0p833_0p833_0p167_-0p278","0p833_9p846_0p167_6p41"],"t":10,"s":[130,130,100],"e":[100,100,100]},{"i":{"x":[0.833,0.833,0.833],"y":[0.833,0.833,0.833]},"o":{"x":[0.167,0.167,0.167],"y":[0.167,0.167,0.167]},"n":["0p833_0p833_0p167_0p167","0p833_0p833_0p167_0p167","0p833_0p833_0p167_0p167"],"t":15,"s":[100,100,100],"e":[100,100,100]},{"i":{"x":[0.833,0.833,0.833],"y":[1.263,1.263,9.097]},"o":{"x":[0.167,0.167,0.167],"y":[0.167,0.167,10.513]},"n":["0p833_1p263_0p167_0p167","0p833_1p263_0p167_0p167","0p833_9p097_0p167_10p513"],"t":572,"s":[100,100,100],"e":[140,140,100]},{"i":{"x":[0.833,0.833,0.833],"y":[0.833,0.833,24.333]},"o":{"x":[0.167,0.167,0.167],"y":[0.044,0.044,-4.723]},"n":["0p833_0p833_0p167_0p044","0p833_0p833_0p167_0p044","0p833_24p333_0p167_-4p723"],"t":584,"s":[140,140,100],"e":[0,0,100]},{"t":591.000024071923}],"ix":6}},"ao":0,"shapes":[{"ty":"gr","it":[{"ind":0,"ty":"sh","ix":1,"ks":{"a":0,"k":{"i":[[0,0],[-0.728,10.762],[0,0]],"o":[[0,0],[0,0],[0,0]],"v":[[-6.353,7.281],[4.303,-7.281],[6.353,7.281]],"c":true},"ix":2},"nm":"Path 1","mn":"ADBE Vector Shape - Group","hd":false},{"ty":"fl","c":{"a":0,"k":[0.361000001197,0.352999997606,0.352999997606,1],"ix":4},"o":{"a":0,"k":100,"ix":5},"r":1,"nm":"Fill 1","mn":"ADBE Vector Graphic - Fill","hd":false},{"ty":"tr","p":{"a":0,"k":[42.357,77.984],"ix":2},"a":{"a":0,"k":[0,0],"ix":1},"s":{"a":0,"k":[100,100],"ix":3},"r":{"a":0,"k":0,"ix":6},"o":{"a":0,"k":100,"ix":7},"sk":{"a":0,"k":0,"ix":4},"sa":{"a":0,"k":0,"ix":5},"nm":"Transform"}],"nm":"Group 1","np":2,"cix":2,"ix":1,"mn":"ADBE Vector Group","hd":false},{"ty":"gr","it":[{"ind":0,"ty":"sh","ix":1,"ks":{"a":0,"k":{"i":[[0,2.291],[3.843,0],[0,-3.844],[-1.708,-1.268],[0,0],[0,0],[0,0]],"o":[[0,-3.844],[-3.844,0],[0,2.291],[0,0],[0,0],[0,0],[1.709,-1.268]],"v":[[6.959,-7.182],[0,-14.141],[-6.959,-7.182],[-4.139,-1.596],[-6.354,14.141],[6.353,14.141],[4.138,-1.596]],"c":true},"ix":2},"nm":"Path 1","mn":"ADBE Vector Shape - Group","hd":false},{"ty":"fl","c":{"a":0,"k":[0.447000002394,0.442999985639,0.435000011968,1],"ix":4},"o":{"a":0,"k":100,"ix":5},"r":1,"nm":"Fill 1","mn":"ADBE Vector Graphic - Fill","hd":false},{"ty":"tr","p":{"a":0,"k":[42.357,71.124],"ix":2},"a":{"a":0,"k":[0,0],"ix":1},"s":{"a":0,"k":[100,100],"ix":3},"r":{"a":0,"k":0,"ix":6},"o":{"a":0,"k":100,"ix":7},"sk":{"a":0,"k":0,"ix":4},"sa":{"a":0,"k":0,"ix":5},"nm":"Transform"}],"nm":"Group 2","np":2,"cix":2,"ix":2,"mn":"ADBE Vector Group","hd":false},{"ty":"gr","it":[{"ind":0,"ty":"sh","ix":1,"ks":{"a":0,"k":{"i":[[0,1.752],[0,0],[20.961,-2.994],[-1.058,0],[0,0]],"o":[[0,0],[-25.655,21.706],[0.576,0.794],[0,0],[1.751,0]],"v":[[41.803,13.915],[41.803,-17.087],[-41.803,15.769],[-39.239,17.087],[38.632,17.087]],"c":true},"ix":2},"nm":"Path 1","mn":"ADBE Vector Shape - Group","hd":false},{"ty":"fl","c":{"a":0,"k":[0.917999985639,0.709999952129,0.19199999641,1],"ix":4},"o":{"a":0,"k":100,"ix":5},"r":1,"nm":"Fill 1","mn":"ADBE Vector Graphic - Fill","hd":false},{"ty":"tr","p":{"a":0,"k":[42.66,83.9],"ix":2},"a":{"a":0,"k":[0,0],"ix":1},"s":{"a":0,"k":[100,100],"ix":3},"r":{"a":0,"k":0,"ix":6},"o":{"a":0,"k":100,"ix":7},"sk":{"a":0,"k":0,"ix":4},"sa":{"a":0,"k":0,"ix":5},"nm":"Transform"}],"nm":"Group 3","np":2,"cix":2,"ix":3,"mn":"ADBE Vector Group","hd":false},{"ty":"gr","it":[{"ind":0,"ty":"sh","ix":1,"ks":{"a":0,"k":{"i":[[0,0],[-0.879,9.429],[0,0]],"o":[[0,0],[0,0],[0,0]],"v":[[-3.951,9.097],[3.951,-9.097],[3.951,9.097]],"c":true},"ix":2},"nm":"Path 1","mn":"ADBE Vector Shape - Group","hd":false},{"ty":"fl","c":{"a":0,"k":[0.361000001197,0.352999997606,0.352999997606,1],"ix":4},"o":{"a":0,"k":100,"ix":5},"r":1,"nm":"Fill 1","mn":"ADBE Vector Graphic - Fill","hd":false},{"ty":"tr","p":{"a":0,"k":[67.715,34.951],"ix":2},"a":{"a":0,"k":[0,0],"ix":1},"s":{"a":0,"k":[100,100],"ix":3},"r":{"a":0,"k":0,"ix":6},"o":{"a":0,"k":100,"ix":7},"sk":{"a":0,"k":0,"ix":4},"sa":{"a":0,"k":0,"ix":5},"nm":"Transform"}],"nm":"Group 4","np":2,"cix":2,"ix":4,"mn":"ADBE Vector Group","hd":false},{"ty":"gr","it":[{"ind":0,"ty":"sh","ix":1,"ks":{"a":0,"k":{"i":[[0,0],[1.751,0],[0,0],[0,1.752],[0,0],[-1.752,0],[0,0],[0,-1.751]],"o":[[0,1.752],[0,0],[-1.752,0],[0,0],[0,-1.751],[0,0],[1.751,0],[0,0]],"v":[[42.107,25.298],[38.935,28.47],[-38.936,28.47],[-42.107,25.298],[-42.107,-25.299],[-38.936,-28.469],[38.935,-28.469],[42.107,-25.299]],"c":true},"ix":2},"nm":"Path 1","mn":"ADBE Vector Shape - Group","hd":false},{"ty":"fl","c":{"a":0,"k":[0.948999980852,0.795999983245,0.187999994615,1],"ix":4},"o":{"a":0,"k":100,"ix":5},"r":1,"nm":"Fill 1","mn":"ADBE Vector Graphic - Fill","hd":false},{"ty":"tr","p":{"a":0,"k":[42.356,72.517],"ix":2},"a":{"a":0,"k":[0,0],"ix":1},"s":{"a":0,"k":[100,100],"ix":3},"r":{"a":0,"k":0,"ix":6},"o":{"a":0,"k":100,"ix":7},"sk":{"a":0,"k":0,"ix":4},"sa":{"a":0,"k":0,"ix":5},"nm":"Transform"}],"nm":"Group 5","np":2,"cix":2,"ix":5,"mn":"ADBE Vector Group","hd":false},{"ty":"gr","it":[{"ind":0,"ty":"sh","ix":1,"ks":{"a":0,"k":{"i":[[0,0],[0,0],[0,0],[11.804,0],[0,-11.804],[0,0],[0,0],[0,0],[-16.314,0],[0,-16.314]],"o":[[0,0],[0,0],[0,-11.804],[-11.805,0],[0,0],[0,0],[0,0],[0,-16.314],[16.314,0],[0,0]],"v":[[29.587,28.316],[21.407,28.316],[21.407,1.27],[0,-20.138],[-21.408,1.27],[-21.408,28.316],[-29.587,28.316],[-29.587,1.27],[0,-28.316],[29.587,1.27]],"c":true},"ix":2},"nm":"Path 1","mn":"ADBE Vector Shape - Group","hd":false},{"ty":"fl","c":{"a":0,"k":[0.447000002394,0.442999985639,0.435000011968,1],"ix":4},"o":{"a":0,"k":100,"ix":5},"r":1,"nm":"Fill 1","mn":"ADBE Vector Graphic - Fill","hd":false},{"ty":"tr","p":{"a":0,"k":[42.356,28.566],"ix":2},"a":{"a":0,"k":[0,0],"ix":1},"s":{"a":0,"k":[100,100],"ix":3},"r":{"a":0,"k":0,"ix":6},"o":{"a":0,"k":100,"ix":7},"sk":{"a":0,"k":0,"ix":4},"sa":{"a":0,"k":0,"ix":5},"nm":"Transform"}],"nm":"Group 6","np":2,"cix":2,"ix":6,"mn":"ADBE Vector Group","hd":false}],"ip":0,"op":600.000024438501,"st":0,"bm":0},{"ddd":0,"ind":2,"ty":4,"nm":"NubeGra Outlines","sr":1,"ks":{"o":{"a":0,"k":100,"ix":11},"r":{"a":0,"k":0,"ix":10},"p":{"a":0,"k":[300,141.842,0],"ix":2},"a":{"a":0,"k":[101.917,57.478,0],"ix":1},"s":{"a":1,"k":[{"i":{"x":[0.833,0.833,0.833],"y":[0.936,0.936,-5.41]},"o":{"x":[0.167,0.167,0.167],"y":[0.167,0.167,21.667]},"n":["0p833_0p936_0p167_0p167","0p833_0p936_0p167_0p167","0p833_-5p41_0p167_21p667"],"t":0,"s":[0,0,100],"e":[130,130,100]},{"i":{"x":[0.833,0.833,0.833],"y":[0.833,0.833,9.846]},"o":{"x":[0.167,0.167,0.167],"y":[-0.278,-0.278,6.41]},"n":["0p833_0p833_0p167_-0p278","0p833_0p833_0p167_-0p278","0p833_9p846_0p167_6p41"],"t":5,"s":[130,130,100],"e":[100,100,100]},{"i":{"x":[0.833,0.833,0.833],"y":[0.833,0.833,0.833]},"o":{"x":[0.167,0.167,0.167],"y":[0.167,0.167,0.167]},"n":["0p833_0p833_0p167_0p167","0p833_0p833_0p167_0p167","0p833_0p833_0p167_0p167"],"t":10,"s":[100,100,100],"e":[100,100,100]},{"i":{"x":[0.833,0.833,0.833],"y":[1.241,1.241,8.422]},"o":{"x":[0.167,0.167,0.167],"y":[0.167,0.167,10.513]},"n":["0p833_1p241_0p167_0p167","0p833_1p241_0p167_0p167","0p833_8p422_0p167_10p513"],"t":565,"s":[100,100,100],"e":[140,140,100]},{"i":{"x":[0.833,0.833,0.833],"y":[0.833,0.833,24.333]},"o":{"x":[0.167,0.167,0.167],"y":[0.05,0.05,-5.398]},"n":["0p833_0p833_0p167_0p05","0p833_0p833_0p167_0p05","0p833_24p333_0p167_-5p398"],"t":576,"s":[140,140,100],"e":[0,0,100]},{"t":584.000023786808}],"ix":6}},"ao":0,"shapes":[{"ty":"gr","it":[{"ind":0,"ty":"sh","ix":1,"ks":{"a":0,"k":{"i":[[40.099,-5.747],[0,0],[0,20.382],[1.384,3.877]],"o":[[0,0],[20.383,0],[0,-4.354],[-24.266,47.793]],"v":[[-74.291,24.655],[37.385,24.655],[74.291,-12.25],[72.147,-24.655]],"c":true},"ix":2},"nm":"Path 1","mn":"ADBE Vector Shape - Group","hd":false},{"ty":"fl","c":{"a":0,"k":[0.647000002394,0.779999976065,0.866999966491,1],"ix":4},"o":{"a":0,"k":100,"ix":5},"r":1,"nm":"Fill 1","mn":"ADBE Vector Graphic - Fill","hd":false},{"ty":"tr","p":{"a":0,"k":[129.292,90.05],"ix":2},"a":{"a":0,"k":[0,0],"ix":1},"s":{"a":0,"k":[100,100],"ix":3},"r":{"a":0,"k":0,"ix":6},"o":{"a":0,"k":100,"ix":7},"sk":{"a":0,"k":0,"ix":4},"sa":{"a":0,"k":0,"ix":5},"nm":"Transform"}],"nm":"Group 1","np":2,"cix":2,"ix":1,"mn":"ADBE Vector Group","hd":false},{"ty":"gr","it":[{"ind":0,"ty":"sh","ix":1,"ks":{"a":0,"k":{"i":[[-38.539,1.513],[3.781,0],[0,-19.668],[-0.125,-1.214],[0.821,0],[0,-19.668],[-3.009,-5.223],[-38.514,-0.75]],"o":[[-3.418,-1.092],[-19.668,0],[0,1.247],[-0.808,-0.055],[-19.669,0],[0,6.46],[-1.359,-16.069],[-0.393,-10.491]],"v":[[42.161,-44.603],[31.318,-46.286],[-4.295,-10.673],[-4.105,-6.98],[-6.548,-7.066],[-42.161,28.547],[-37.431,46.286],[2.156,0.289]],"c":true},"ix":2},"nm":"Path 1","mn":"ADBE Vector Shape - Group","hd":false},{"ty":"fl","c":{"a":0,"k":[0.764999988032,0.870999983245,0.910000011968,1],"ix":4},"o":{"a":0,"k":100,"ix":5},"r":1,"nm":"Fill 1","mn":"ADBE Vector Graphic - Fill","hd":false},{"ty":"tr","p":{"a":0,"k":[49.213,53.034],"ix":2},"a":{"a":0,"k":[0,0],"ix":1},"s":{"a":0,"k":[100,100],"ix":3},"r":{"a":0,"k":0,"ix":6},"o":{"a":0,"k":100,"ix":7},"sk":{"a":0,"k":0,"ix":4},"sa":{"a":0,"k":0,"ix":5},"nm":"Transform"}],"nm":"Group 2","np":2,"cix":2,"ix":2,"mn":"ADBE Vector Group","hd":false},{"ty":"gr","it":[{"ind":0,"ty":"sh","ix":1,"ks":{"a":0,"k":{"i":[[20.383,0],[0.84,-0.057],[17.31,0],[5.866,-4.427],[13.775,0],[0,-20.383],[-0.13,-1.257],[0.851,0],[0,-20.383],[-20.383,0],[0,0],[0,20.382]],"o":[[-0.854,0],[-2.84,-16.5],[-7.916,0],[-6.341,-11.185],[-20.383,0],[0,1.292],[-0.837,-0.057],[-20.383,0],[0,20.382],[0,0],[20.383,0],[0,-20.383]],"v":[[64.761,-16.585],[62.218,-16.495],[27.692,-45.548],[6.608,-38.494],[-25.519,-57.227],[-62.425,-20.322],[-62.228,-16.496],[-64.76,-16.585],[-101.666,20.322],[-64.76,57.227],[64.761,57.227],[101.666,20.322]],"c":true},"ix":2},"nm":"Path 1","mn":"ADBE Vector Shape - Group","hd":false},{"ty":"fl","c":{"a":0,"k":[0.702000038297,0.834999952129,0.889999988032,1],"ix":4},"o":{"a":0,"k":100,"ix":5},"r":1,"nm":"Fill 2","mn":"ADBE Vector Graphic - Fill","hd":false},{"ty":"fl","c":{"a":0,"k":[0.666999966491,0.816000007181,0.885999971278,1],"ix":4},"o":{"a":0,"k":100,"ix":5},"r":1,"nm":"Fill 1","mn":"ADBE Vector Graphic - Fill","hd":false},{"ty":"tr","p":{"a":0,"k":[101.917,57.478],"ix":2},"a":{"a":0,"k":[0,0],"ix":1},"s":{"a":0,"k":[100,100],"ix":3},"r":{"a":0,"k":0,"ix":6},"o":{"a":0,"k":100,"ix":7},"sk":{"a":0,"k":0,"ix":4},"sa":{"a":0,"k":0,"ix":5},"nm":"Transform"}],"nm":"Group 3","np":3,"cix":2,"ix":3,"mn":"ADBE Vector Group","hd":false}],"ip":0,"op":600.000024438501,"st":0,"bm":0},{"ddd":0,"ind":3,"ty":4,"nm":"NubeMed Outlines","sr":1,"ks":{"o":{"a":0,"k":100,"ix":11},"r":{"a":0,"k":0,"ix":10},"p":{"a":1,"k":[{"i":{"x":0.833,"y":0.837},"o":{"x":0.167,"y":0.167},"n":"0p833_0p837_0p167_0p167","t":25,"s":[59.417,45.902,0],"e":[597.417,45.902,0],"to":[89.6666641235352,0,0],"ti":[3.83333325386047,-9.16666698455811,0]},{"i":{"x":0.833,"y":0.833},"o":{"x":0.167,"y":0.17},"n":"0p833_0p833_0p167_0p17","t":298,"s":[597.417,45.902,0],"e":[36.417,100.902,0],"to":[-3.83333325386047,9.16666698455811,0],"ti":[159.5,31.8333339691162,0]},{"t":599.00002439777}],"ix":2},"a":{"a":0,"k":[55.833,31.538,0],"ix":1},"s":{"a":1,"k":[{"i":{"x":[0.833,0.833,0.833],"y":[0.936,0.936,-5.41]},"o":{"x":[0.167,0.167,0.167],"y":[0.167,0.167,21.667]},"n":["0p833_0p936_0p167_0p167","0p833_0p936_0p167_0p167","0p833_-5p41_0p167_21p667"],"t":10,"s":[0,0,100],"e":[130,130,100]},{"i":{"x":[0.833,0.833,0.833],"y":[0.833,0.833,9.846]},"o":{"x":[0.167,0.167,0.167],"y":[-0.278,-0.278,6.41]},"n":["0p833_0p833_0p167_-0p278","0p833_0p833_0p167_-0p278","0p833_9p846_0p167_6p41"],"t":15,"s":[130,130,100],"e":[100,100,100]},{"t":20.0000008146167}],"ix":6}},"ao":0,"shapes":[{"ty":"gr","it":[{"ind":0,"ty":"sh","ix":1,"ks":{"a":0,"k":{"i":[[21.923,-3.142],[0,0],[0,11.144],[0.756,2.119]],"o":[[0,0],[11.143,0],[0,-2.38],[-13.268,26.129]],"v":[[-40.617,13.479],[20.439,13.479],[40.617,-6.698],[39.445,-13.479]],"c":true},"ix":2},"nm":"Path 1","mn":"ADBE Vector Shape - Group","hd":false},{"ty":"fl","c":{"a":0,"k":[0.647000002394,0.779999976065,0.866999966491,1],"ix":4},"o":{"a":0,"k":100,"ix":5},"r":1,"nm":"Fill 1","mn":"ADBE Vector Graphic - Fill","hd":false},{"ty":"tr","p":{"a":0,"k":[70.8,49.346],"ix":2},"a":{"a":0,"k":[0,0],"ix":1},"s":{"a":0,"k":[100,100],"ix":3},"r":{"a":0,"k":0,"ix":6},"o":{"a":0,"k":100,"ix":7},"sk":{"a":0,"k":0,"ix":4},"sa":{"a":0,"k":0,"ix":5},"nm":"Transform"}],"nm":"Group 1","np":2,"cix":2,"ix":1,"mn":"ADBE Vector Group","hd":false},{"ty":"gr","it":[{"ind":0,"ty":"sh","ix":1,"ks":{"a":0,"k":{"i":[[-21.07,0.827],[2.067,0],[0,-10.753],[-0.068,-0.663],[0.449,0],[0,-10.753],[-1.645,-2.856],[-21.056,-0.41]],"o":[[-1.869,-0.597],[-10.754,0],[0,0.681],[-0.441,-0.03],[-10.753,0],[0,3.532],[-0.743,-8.785],[-0.214,-5.735]],"v":[[23.05,-24.385],[17.123,-25.305],[-2.347,-5.835],[-2.244,-3.817],[-3.58,-3.864],[-23.05,15.607],[-20.464,25.305],[1.178,0.158]],"c":true},"ix":2},"nm":"Path 1","mn":"ADBE Vector Shape - Group","hd":false},{"ty":"fl","c":{"a":0,"k":[0.764999988032,0.870999983245,0.910000011968,1],"ix":4},"o":{"a":0,"k":100,"ix":5},"r":1,"nm":"Fill 1","mn":"ADBE Vector Graphic - Fill","hd":false},{"ty":"tr","p":{"a":0,"k":[27.019,29.109],"ix":2},"a":{"a":0,"k":[0,0],"ix":1},"s":{"a":0,"k":[100,100],"ix":3},"r":{"a":0,"k":0,"ix":6},"o":{"a":0,"k":100,"ix":7},"sk":{"a":0,"k":0,"ix":4},"sa":{"a":0,"k":0,"ix":5},"nm":"Transform"}],"nm":"Group 2","np":2,"cix":2,"ix":2,"mn":"ADBE Vector Group","hd":false},{"ty":"gr","it":[{"ind":0,"ty":"sh","ix":1,"ks":{"a":0,"k":{"i":[[11.144,0],[0.459,-0.031],[9.464,0],[3.208,-2.42],[7.531,0],[0,-11.144],[-0.071,-0.688],[0.465,0],[0,-11.144],[-11.144,0],[0,0],[0,11.144]],"o":[[-0.467,0],[-1.552,-9.02],[-4.328,0],[-3.466,-6.115],[-11.143,0],[0,0.706],[-0.457,-0.031],[-11.144,0],[0,11.144],[0,0],[11.144,0],[0,-11.144]],"v":[[35.406,-9.067],[34.016,-9.019],[15.14,-24.902],[3.612,-21.045],[-13.952,-31.287],[-34.129,-11.11],[-34.022,-9.019],[-35.406,-9.067],[-55.583,11.11],[-35.406,31.287],[35.406,31.287],[55.583,11.11]],"c":true},"ix":2},"nm":"Path 1","mn":"ADBE Vector Shape - Group","hd":false},{"ty":"fl","c":{"a":0,"k":[0.702000038297,0.834999952129,0.889999988032,1],"ix":4},"o":{"a":0,"k":100,"ix":5},"r":1,"nm":"Fill 2","mn":"ADBE Vector Graphic - Fill","hd":false},{"ty":"fl","c":{"a":0,"k":[0.666999966491,0.816000007181,0.885999971278,1],"ix":4},"o":{"a":0,"k":100,"ix":5},"r":1,"nm":"Fill 1","mn":"ADBE Vector Graphic - Fill","hd":false},{"ty":"tr","p":{"a":0,"k":[55.833,31.538],"ix":2},"a":{"a":0,"k":[0,0],"ix":1},"s":{"a":0,"k":[100,100],"ix":3},"r":{"a":0,"k":0,"ix":6},"o":{"a":0,"k":100,"ix":7},"sk":{"a":0,"k":0,"ix":4},"sa":{"a":0,"k":0,"ix":5},"nm":"Transform"}],"nm":"Group 3","np":3,"cix":2,"ix":3,"mn":"ADBE Vector Group","hd":false}],"ip":0,"op":600.000024438501,"st":0,"bm":0},{"ddd":0,"ind":4,"ty":4,"nm":"NubePeq Outlines","sr":1,"ks":{"o":{"a":0,"k":100,"ix":11},"r":{"a":0,"k":0,"ix":10},"p":{"a":1,"k":[{"i":{"x":0.833,"y":0.835},"o":{"x":0.167,"y":0.167},"n":"0p833_0p835_0p167_0p167","t":25,"s":[549.917,251.902,0],"e":[2.917,251.902,0],"to":[-91.1666641235352,0,0],"ti":[-5.66666650772095,10.6666669845581,0]},{"i":{"x":0.833,"y":0.833},"o":{"x":0.167,"y":0.168},"n":"0p833_0p833_0p167_0p168","t":298,"s":[2.917,251.902,0],"e":[583.917,187.902,0],"to":[5.66666650772095,-10.6666669845581,0],"ti":[-190.83332824707,115.666664123535,0]},{"t":599.00002439777}],"ix":2},"a":{"a":0,"k":[38.62,21.848,0],"ix":1},"s":{"a":1,"k":[{"i":{"x":[0.833,0.833,0.833],"y":[0.936,0.936,-5.41]},"o":{"x":[0.167,0.167,0.167],"y":[0.167,0.167,21.667]},"n":["0p833_0p936_0p167_0p167","0p833_0p936_0p167_0p167","0p833_-5p41_0p167_21p667"],"t":15,"s":[0,0,100],"e":[130,130,100]},{"i":{"x":[0.833,0.833,0.833],"y":[0.833,0.833,9.846]},"o":{"x":[0.167,0.167,0.167],"y":[-0.278,-0.278,6.41]},"n":["0p833_0p833_0p167_-0p278","0p833_0p833_0p167_-0p278","0p833_9p846_0p167_6p41"],"t":20,"s":[130,130,100],"e":[100,100,100]},{"t":25.0000010182709}],"ix":6}},"ao":0,"shapes":[{"ty":"gr","it":[{"ind":0,"ty":"sh","ix":1,"ks":{"a":0,"k":{"i":[[15.134,-2.169],[0,0],[0,7.693],[0.521,1.463]],"o":[[0,0],[7.693,0],[0,-1.642],[-9.16,18.037]],"v":[[-28.037,9.305],[14.109,9.305],[28.037,-4.624],[27.229,-9.305]],"c":true},"ix":2},"nm":"Path 1","mn":"ADBE Vector Shape - Group","hd":false},{"ty":"fl","c":{"a":0,"k":[0.647000002394,0.779999976065,0.866999966491,1],"ix":4},"o":{"a":0,"k":100,"ix":5},"r":1,"nm":"Fill 1","mn":"ADBE Vector Graphic - Fill","hd":false},{"ty":"tr","p":{"a":0,"k":[48.951,34.141],"ix":2},"a":{"a":0,"k":[0,0],"ix":1},"s":{"a":0,"k":[100,100],"ix":3},"r":{"a":0,"k":0,"ix":6},"o":{"a":0,"k":100,"ix":7},"sk":{"a":0,"k":0,"ix":4},"sa":{"a":0,"k":0,"ix":5},"nm":"Transform"}],"nm":"Group 1","np":2,"cix":2,"ix":1,"mn":"ADBE Vector Group","hd":false},{"ty":"gr","it":[{"ind":0,"ty":"sh","ix":1,"ks":{"a":0,"k":{"i":[[-14.544,0.57],[1.427,0],[0,-7.423],[-0.047,-0.458],[0.31,0],[0,-7.422],[-1.135,-1.971],[-14.535,-0.284]],"o":[[-1.29,-0.412],[-7.424,0],[0,0.47],[-0.305,-0.02],[-7.424,0],[0,2.438],[-0.513,-6.065],[-0.148,-3.96]],"v":[[15.911,-16.833],[11.82,-17.468],[-1.62,-4.027],[-1.549,-2.635],[-2.471,-2.667],[-15.911,10.773],[-14.127,17.468],[0.813,0.109]],"c":true},"ix":2},"nm":"Path 1","mn":"ADBE Vector Shape - Group","hd":false},{"ty":"fl","c":{"a":0,"k":[0.764999988032,0.870999983245,0.910000011968,1],"ix":4},"o":{"a":0,"k":100,"ix":5},"r":1,"nm":"Fill 1","mn":"ADBE Vector Graphic - Fill","hd":false},{"ty":"tr","p":{"a":0,"k":[18.729,20.171],"ix":2},"a":{"a":0,"k":[0,0],"ix":1},"s":{"a":0,"k":[100,100],"ix":3},"r":{"a":0,"k":0,"ix":6},"o":{"a":0,"k":100,"ix":7},"sk":{"a":0,"k":0,"ix":4},"sa":{"a":0,"k":0,"ix":5},"nm":"Transform"}],"nm":"Group 2","np":2,"cix":2,"ix":2,"mn":"ADBE Vector Group","hd":false},{"ty":"gr","it":[{"ind":0,"ty":"sh","ix":1,"ks":{"a":0,"k":{"i":[[7.692,0],[0.316,-0.021],[6.532,0],[2.214,-1.67],[5.198,0],[0,-7.694],[-0.049,-0.474],[0.321,0],[0,-7.693],[-7.692,0],[0,0],[0,7.692]],"o":[[-0.322,0],[-1.072,-6.226],[-2.989,0],[-2.393,-4.22],[-7.694,0],[0,0.487],[-0.316,-0.021],[-7.692,0],[0,7.692],[0,0],[7.692,0],[0,-7.693]],"v":[[24.441,-6.258],[23.481,-6.226],[10.452,-17.191],[2.494,-14.529],[-9.631,-21.598],[-23.559,-7.669],[-23.485,-6.226],[-24.441,-6.258],[-38.369,7.669],[-24.441,21.598],[24.441,21.598],[38.369,7.669]],"c":true},"ix":2},"nm":"Path 1","mn":"ADBE Vector Shape - Group","hd":false},{"ty":"fl","c":{"a":0,"k":[0.702000038297,0.834999952129,0.889999988032,1],"ix":4},"o":{"a":0,"k":100,"ix":5},"r":1,"nm":"Fill 2","mn":"ADBE Vector Graphic - Fill","hd":false},{"ty":"fl","c":{"a":0,"k":[0.666999966491,0.816000007181,0.885999971278,1],"ix":4},"o":{"a":0,"k":100,"ix":5},"r":1,"nm":"Fill 1","mn":"ADBE Vector Graphic - Fill","hd":false},{"ty":"tr","p":{"a":0,"k":[38.619,21.848],"ix":2},"a":{"a":0,"k":[0,0],"ix":1},"s":{"a":0,"k":[100,100],"ix":3},"r":{"a":0,"k":0,"ix":6},"o":{"a":0,"k":100,"ix":7},"sk":{"a":0,"k":0,"ix":4},"sa":{"a":0,"k":0,"ix":5},"nm":"Transform"}],"nm":"Group 3","np":3,"cix":2,"ix":3,"mn":"ADBE Vector Group","hd":false}],"ip":0,"op":600.000024438501,"st":0,"bm":0}]}],"layers":[{"ddd":0,"ind":1,"ty":0,"nm":"nuevo","refId":"comp_0","sr":1,"ks":{"o":{"a":0,"k":100,"ix":11},"r":{"a":0,"k":0,"ix":10},"p":{"a":0,"k":[150,150,0],"ix":2},"a":{"a":0,"k":[300,150,0],"ix":1},"s":{"a":0,"k":[100,100,100],"ix":6}},"ao":0,"w":600,"h":300,"ip":0,"op":600.000024438501,"st":0,"bm":0}],"markers":[]}