{"v":"5.2.1","fr":60,"ip":0,"op":420,"w":720,"h":720,"nm":"Fully customizable","ddd":0,"assets":[],"layers":[{"ddd":0,"ind":1,"ty":3,"nm":"Null 1","sr":1,"ks":{"o":{"a":0,"k":0,"ix":11},"r":{"a":0,"k":0,"ix":10},"p":{"a":1,"k":[{"i":{"x":0,"y":1},"o":{"x":0.333,"y":0},"n":"0_1_0p333_0","t":21,"s":[704,260,0],"e":[312,260,0],"to":[-65.3333358764648,0,0],"ti":[65.3333358764648,0,0]},{"t":78}],"ix":2},"a":{"a":0,"k":[0,0,0],"ix":1},"s":{"a":0,"k":[246,246,100],"ix":6}},"ao":0,"ip":0,"op":420,"st":0,"bm":0},{"ddd":0,"ind":2,"ty":4,"nm":"Shape Layer 1","sr":1,"ks":{"o":{"a":0,"k":100,"ix":11},"r":{"a":0,"k":0,"ix":10},"p":{"a":1,"k":[{"i":{"x":0.299,"y":1},"o":{"x":0.714,"y":0},"n":"0p299_1_0p714_0","t":0,"s":[-780,648,0],"e":[-2,648,0],"to":[129.66667175293,0,0],"ti":[-129.66667175293,0,0]},{"t":62}],"ix":2},"a":{"a":0,"k":[-362,288,0],"ix":1},"s":{"a":0,"k":[100,100,100],"ix":6}},"ao":0,"shapes":[{"ty":"gr","it":[{"ind":0,"ty":"sh","ix":1,"ks":{"a":0,"k":{"i":[[-0.5,-1.5],[23,-21.5],[-1,1],[79.5,17],[9.5,6.5],[-51.5,-6.5],[-10.5,36.5],[37,9.5],[53.5,9],[36.5,-24.5],[0,0],[0,0],[-77,6],[-41,27],[-24.5,29],[-11.5,25.5]],"o":[[-14.5,-18.5],[-23,21.5],[21,44.5],[-79.5,-17],[-9.5,-6.5],[51.5,6.5],[10.5,-36.5],[-37,-9.5],[-53.5,-9],[-36.5,24.5],[0,0],[0,0],[77,-6],[41,-27],[24.5,-29],[8.5,-27.5]],"v":[[245,118.5],[178.5,143.5],[121,188],[21,240.5],[-81.5,239],[-12,222],[114,212.5],[-21,163.5],[-142,125.5],[-276,187],[-377,219.5],[-391,370],[-163,289],[42,322],[199,234],[267.5,138.5]],"c":true},"ix":2},"nm":"Path 1","mn":"ADBE Vector Shape - Group","hd":false},{"ty":"st","c":{"a":0,"k":[0.992156982422,0.439215985466,0.384313994763,1],"ix":3},"o":{"a":0,"k":100,"ix":4},"w":{"a":0,"k":5,"ix":5},"lc":1,"lj":1,"ml":4,"ml2":{"a":0,"k":4,"ix":8},"nm":"Stroke 1","mn":"ADBE Vector Graphic - Stroke","hd":true},{"ty":"fl","c":{"a":0,"k":[1,1,1,1],"ix":4},"o":{"a":0,"k":100,"ix":5},"r":1,"nm":"Fill 1","mn":"ADBE Vector Graphic - Fill","hd":false},{"ty":"tr","p":{"a":0,"k":[0,0],"ix":2},"a":{"a":0,"k":[0,0],"ix":1},"s":{"a":0,"k":[100,100],"ix":3},"r":{"a":0,"k":0,"ix":6},"o":{"a":0,"k":100,"ix":7},"sk":{"a":0,"k":0,"ix":4},"sa":{"a":0,"k":0,"ix":5},"nm":"Transform"}],"nm":"Shape 1","np":3,"cix":2,"ix":1,"mn":"ADBE Vector Group","hd":false}],"ip":0,"op":420,"st":0,"bm":0},{"ddd":0,"ind":3,"ty":1,"nm":"Deep Blue Solid 1","sr":1,"ks":{"o":{"a":0,"k":100,"ix":11},"r":{"a":0,"k":0,"ix":10},"p":{"a":0,"k":[360,360,0],"ix":2},"a":{"a":0,"k":[360,360,0],"ix":1},"s":{"a":0,"k":[100,100,100],"ix":6}},"ao":0,"hasMask":true,"masksProperties":[{"inv":false,"mode":"a","pt":{"a":0,"k":{"i":[[0,0],[0,0],[0,0],[0,0]],"o":[[0,0],[0,0],[0,0],[0,0]],"v":[[932,620],[-148,620],[-148,772],[932,772]],"c":true},"ix":1},"o":{"a":0,"k":100,"ix":3},"x":{"a":0,"k":0,"ix":4},"nm":"Mask 1"}],"sw":720,"sh":720,"sc":"#17319f","ip":0,"op":420,"st":0,"bm":0},{"ddd":0,"ind":4,"ty":4,"nm":"Shape Layer 7","parent":1,"sr":1,"ks":{"o":{"a":0,"k":100,"ix":11},"r":{"a":0,"k":0,"ix":10},"p":{"a":1,"k":[{"i":{"x":0.833,"y":0.833},"o":{"x":0.167,"y":0.167},"n":"0p833_0p833_0p167_0p167","t":21,"s":[23.148,92.13,0],"e":[23.148,50.926,0],"to":[0,-6.86728382110596,0],"ti":[0,0,0]},{"i":{"x":0.833,"y":0.833},"o":{"x":0.167,"y":0.167},"n":"0p833_0p833_0p167_0p167","t":135.936,"s":[23.148,50.926,0],"e":[23.148,92.13,0],"to":[0,0,0],"ti":[0,0,0]},{"i":{"x":0.833,"y":0.833},"o":{"x":0.167,"y":0.167},"n":"0p833_0p833_0p167_0p167","t":287.918,"s":[23.148,92.13,0],"e":[23.148,50.926,0],"to":[0,0,0],"ti":[0,6.86728382110596,0]},{"t":419}],"ix":2},"a":{"a":0,"k":[0,0,0],"ix":1},"s":{"a":0,"k":[46.296,46.296,100],"ix":6}},"ao":0,"shapes":[{"ty":"gr","it":[{"ty":"rc","d":1,"s":{"a":0,"k":[61.5,10],"ix":2},"p":{"a":0,"k":[0,0],"ix":3},"r":{"a":0,"k":0,"ix":4},"nm":"Rectangle Path 1","mn":"ADBE Vector Shape - Rect","hd":false},{"ty":"st","c":{"a":0,"k":[1,1,1,1],"ix":3},"o":{"a":0,"k":100,"ix":4},"w":{"a":0,"k":4,"ix":5},"lc":1,"lj":1,"ml":4,"ml2":{"a":0,"k":4,"ix":8},"nm":"Stroke 1","mn":"ADBE Vector Graphic - Stroke","hd":false},{"ty":"fl","c":{"a":0,"k":[0.090196078431,0.192156862745,0.623529411765,1],"ix":4},"o":{"a":0,"k":100,"ix":5},"r":1,"nm":"Fill 1","mn":"ADBE Vector Graphic - Fill","hd":false},{"ty":"tr","p":{"a":0,"k":[134.75,-72],"ix":2},"a":{"a":0,"k":[0,0],"ix":1},"s":{"a":0,"k":[61.345,100],"ix":3},"r":{"a":0,"k":0,"ix":6},"o":{"a":0,"k":100,"ix":7},"sk":{"a":0,"k":0,"ix":4},"sa":{"a":0,"k":0,"ix":5},"nm":"Transform"}],"nm":"Rectangle 1","np":3,"cix":2,"ix":1,"mn":"ADBE Vector Group","hd":false}],"ip":0,"op":420,"st":0,"bm":0},{"ddd":0,"ind":5,"ty":4,"nm":"Shape Layer 3","parent":1,"sr":1,"ks":{"o":{"a":0,"k":100,"ix":11},"r":{"a":0,"k":0,"ix":10},"p":{"a":1,"k":[{"i":{"x":0.833,"y":0.833},"o":{"x":0.167,"y":0.167},"n":"0p833_0p833_0p167_0p167","t":21,"s":[-23.148,119.676,0],"e":[-23.148,70.833,0],"to":[0,-8.14043235778809,0],"ti":[0,0,0]},{"i":{"x":0.833,"y":0.833},"o":{"x":0.167,"y":0.167},"n":"0p833_0p833_0p167_0p167","t":135.936,"s":[-23.148,70.833,0],"e":[-23.148,119.676,0],"to":[0,0,0],"ti":[0,0,0]},{"i":{"x":0.833,"y":0.833},"o":{"x":0.167,"y":0.167},"n":"0p833_0p833_0p167_0p167","t":287.918,"s":[-23.148,119.676,0],"e":[-23.148,70.833,0],"to":[0,0,0],"ti":[0,8.14043235778809,0]},{"t":419}],"ix":2},"a":{"a":0,"k":[0,0,0],"ix":1},"s":{"a":0,"k":[46.296,46.296,100],"ix":6}},"ao":0,"shapes":[{"ty":"gr","it":[{"ty":"rc","d":1,"s":{"a":0,"k":[61.5,10],"ix":2},"p":{"a":0,"k":[0,0],"ix":3},"r":{"a":0,"k":0,"ix":4},"nm":"Rectangle Path 1","mn":"ADBE Vector Shape - Rect","hd":false},{"ty":"st","c":{"a":0,"k":[1,1,1,1],"ix":3},"o":{"a":0,"k":100,"ix":4},"w":{"a":0,"k":4,"ix":5},"lc":1,"lj":1,"ml":4,"ml2":{"a":0,"k":4,"ix":8},"nm":"Stroke 1","mn":"ADBE Vector Graphic - Stroke","hd":false},{"ty":"fl","c":{"a":0,"k":[0.090196078431,0.192156862745,0.623529411765,1],"ix":4},"o":{"a":0,"k":100,"ix":5},"r":1,"nm":"Fill 1","mn":"ADBE Vector Graphic - Fill","hd":false},{"ty":"tr","p":{"a":0,"k":[134.75,-72],"ix":2},"a":{"a":0,"k":[0,0],"ix":1},"s":{"a":0,"k":[61.345,100],"ix":3},"r":{"a":0,"k":0,"ix":6},"o":{"a":0,"k":100,"ix":7},"sk":{"a":0,"k":0,"ix":4},"sa":{"a":0,"k":0,"ix":5},"nm":"Transform"}],"nm":"Rectangle 1","np":3,"cix":2,"ix":1,"mn":"ADBE Vector Group","hd":false}],"ip":0,"op":420,"st":0,"bm":0},{"ddd":0,"ind":6,"ty":4,"nm":"Shape Layer 5","parent":1,"sr":1,"ks":{"o":{"a":0,"k":100,"ix":11},"r":{"a":0,"k":0,"ix":10},"p":{"a":1,"k":[{"i":{"x":0.833,"y":0.833},"o":{"x":0.167,"y":0.167},"n":"0p833_0p833_0p167_0p167","t":21,"s":[0,50.926,0],"e":[0,106.944,0],"to":[0,9.3364200592041,0],"ti":[0,0,0]},{"i":{"x":0.833,"y":0.833},"o":{"x":0.167,"y":0.167},"n":"0p833_0p833_0p167_0p167","t":135.936,"s":[0,106.944,0],"e":[0,50.926,0],"to":[0,0,0],"ti":[0,0,0]},{"i":{"x":0.833,"y":0.833},"o":{"x":0.167,"y":0.167},"n":"0p833_0p833_0p167_0p167","t":287.918,"s":[0,50.926,0],"e":[0,106.944,0],"to":[0,0,0],"ti":[0,-9.3364200592041,0]},{"t":419}],"ix":2},"a":{"a":0,"k":[0,0,0],"ix":1},"s":{"a":0,"k":[46.296,46.296,100],"ix":6}},"ao":0,"shapes":[{"ty":"gr","it":[{"ty":"rc","d":1,"s":{"a":0,"k":[61.5,10],"ix":2},"p":{"a":0,"k":[0,0],"ix":3},"r":{"a":0,"k":0,"ix":4},"nm":"Rectangle Path 1","mn":"ADBE Vector Shape - Rect","hd":false},{"ty":"st","c":{"a":0,"k":[1,1,1,1],"ix":3},"o":{"a":0,"k":100,"ix":4},"w":{"a":0,"k":3,"ix":5},"lc":1,"lj":1,"ml":4,"ml2":{"a":0,"k":4,"ix":8},"nm":"Stroke 1","mn":"ADBE Vector Graphic - Stroke","hd":false},{"ty":"fl","c":{"a":0,"k":[0.090196078431,0.192156862745,0.623529411765,1],"ix":4},"o":{"a":0,"k":100,"ix":5},"r":1,"nm":"Fill 1","mn":"ADBE Vector Graphic - Fill","hd":false},{"ty":"tr","p":{"a":0,"k":[134.75,-72],"ix":2},"a":{"a":0,"k":[0,0],"ix":1},"s":{"a":0,"k":[61.345,100],"ix":3},"r":{"a":0,"k":0,"ix":6},"o":{"a":0,"k":100,"ix":7},"sk":{"a":0,"k":0,"ix":4},"sa":{"a":0,"k":0,"ix":5},"nm":"Transform"}],"nm":"Rectangle 1","np":3,"cix":2,"ix":1,"mn":"ADBE Vector Group","hd":false}],"ip":0,"op":420,"st":0,"bm":0},{"ddd":0,"ind":7,"ty":4,"nm":"Shape Layer 6","parent":1,"sr":1,"ks":{"o":{"a":0,"k":100,"ix":11},"r":{"a":0,"k":0,"ix":10},"p":{"a":0,"k":[23.148,50.926,0],"ix":2},"a":{"a":0,"k":[0,0,0],"ix":1},"s":{"a":0,"k":[46.296,46.296,100],"ix":6}},"ao":0,"shapes":[{"ty":"gr","it":[{"ind":0,"ty":"sh","ix":1,"ks":{"a":0,"k":{"i":[[0,0],[0,0]],"o":[[0,0],[0,0]],"v":[[135,-86],[135,93]],"c":false},"ix":2},"nm":"Path 1","mn":"ADBE Vector Shape - Group","hd":false},{"ty":"st","c":{"a":0,"k":[1,1,1,1],"ix":3},"o":{"a":0,"k":100,"ix":4},"w":{"a":0,"k":9,"ix":5},"lc":1,"lj":1,"ml":4,"ml2":{"a":0,"k":4,"ix":8},"nm":"Stroke 1","mn":"ADBE Vector Graphic - Stroke","hd":false},{"ty":"fl","c":{"a":0,"k":[1,0,0,1],"ix":4},"o":{"a":0,"k":100,"ix":5},"r":1,"nm":"Fill 1","mn":"ADBE Vector Graphic - Fill","hd":true},{"ty":"tr","p":{"a":0,"k":[0,0],"ix":2},"a":{"a":0,"k":[0,0],"ix":1},"s":{"a":0,"k":[100,100],"ix":3},"r":{"a":0,"k":0,"ix":6},"o":{"a":0,"k":100,"ix":7},"sk":{"a":0,"k":0,"ix":4},"sa":{"a":0,"k":0,"ix":5},"nm":"Transform"}],"nm":"Shape 1","np":3,"cix":2,"ix":1,"mn":"ADBE Vector Group","hd":false}],"ip":0,"op":420,"st":0,"bm":0},{"ddd":0,"ind":8,"ty":4,"nm":"Shape Layer 4","parent":1,"sr":1,"ks":{"o":{"a":0,"k":100,"ix":11},"r":{"a":0,"k":0,"ix":10},"p":{"a":0,"k":[0,50.926,0],"ix":2},"a":{"a":0,"k":[0,0,0],"ix":1},"s":{"a":0,"k":[46.296,46.296,100],"ix":6}},"ao":0,"shapes":[{"ty":"gr","it":[{"ind":0,"ty":"sh","ix":1,"ks":{"a":0,"k":{"i":[[0,0],[0,0]],"o":[[0,0],[0,0]],"v":[[135,-86],[135,93]],"c":false},"ix":2},"nm":"Path 1","mn":"ADBE Vector Shape - Group","hd":false},{"ty":"st","c":{"a":0,"k":[1,1,1,1],"ix":3},"o":{"a":0,"k":100,"ix":4},"w":{"a":0,"k":9,"ix":5},"lc":1,"lj":1,"ml":4,"ml2":{"a":0,"k":4,"ix":8},"nm":"Stroke 1","mn":"ADBE Vector Graphic - Stroke","hd":false},{"ty":"fl","c":{"a":0,"k":[1,0,0,1],"ix":4},"o":{"a":0,"k":100,"ix":5},"r":1,"nm":"Fill 1","mn":"ADBE Vector Graphic - Fill","hd":true},{"ty":"tr","p":{"a":0,"k":[0,0],"ix":2},"a":{"a":0,"k":[0,0],"ix":1},"s":{"a":0,"k":[100,100],"ix":3},"r":{"a":0,"k":0,"ix":6},"o":{"a":0,"k":100,"ix":7},"sk":{"a":0,"k":0,"ix":4},"sa":{"a":0,"k":0,"ix":5},"nm":"Transform"}],"nm":"Shape 1","np":3,"cix":2,"ix":1,"mn":"ADBE Vector Group","hd":false}],"ip":0,"op":420,"st":0,"bm":0},{"ddd":0,"ind":9,"ty":4,"nm":"Shape Layer 2","parent":1,"sr":1,"ks":{"o":{"a":0,"k":100,"ix":11},"r":{"a":0,"k":0,"ix":10},"p":{"a":0,"k":[-23.148,50.926,0],"ix":2},"a":{"a":0,"k":[0,0,0],"ix":1},"s":{"a":0,"k":[46.296,46.296,100],"ix":6}},"ao":0,"shapes":[{"ty":"gr","it":[{"ind":0,"ty":"sh","ix":1,"ks":{"a":0,"k":{"i":[[0,0],[0,0]],"o":[[0,0],[0,0]],"v":[[135,-86],[135,93]],"c":false},"ix":2},"nm":"Path 1","mn":"ADBE Vector Shape - Group","hd":false},{"ty":"st","c":{"a":0,"k":[1,1,1,1],"ix":3},"o":{"a":0,"k":100,"ix":4},"w":{"a":0,"k":9,"ix":5},"lc":1,"lj":1,"ml":4,"ml2":{"a":0,"k":4,"ix":8},"nm":"Stroke 1","mn":"ADBE Vector Graphic - Stroke","hd":false},{"ty":"fl","c":{"a":0,"k":[1,0,0,1],"ix":4},"o":{"a":0,"k":100,"ix":5},"r":1,"nm":"Fill 1","mn":"ADBE Vector Graphic - Fill","hd":true},{"ty":"tr","p":{"a":0,"k":[0,0],"ix":2},"a":{"a":0,"k":[0,0],"ix":1},"s":{"a":0,"k":[100,100],"ix":3},"r":{"a":0,"k":0,"ix":6},"o":{"a":0,"k":100,"ix":7},"sk":{"a":0,"k":0,"ix":4},"sa":{"a":0,"k":0,"ix":5},"nm":"Transform"}],"nm":"Shape 1","np":3,"cix":2,"ix":1,"mn":"ADBE Vector Group","hd":false}],"ip":0,"op":420,"st":0,"bm":0},{"ddd":0,"ind":10,"ty":4,"nm":"GEAR_1 Outlines 2","sr":1,"ks":{"o":{"a":0,"k":100,"ix":11},"r":{"a":1,"k":[{"i":{"x":[0.833],"y":[0.833]},"o":{"x":[0.167],"y":[0.167]},"n":["0p833_0p833_0p167_0p167"],"t":0,"s":[0],"e":[360]},{"t":419}],"ix":10},"p":{"a":1,"k":[{"i":{"x":0,"y":1},"o":{"x":0.333,"y":0},"n":"0_1_0p333_0","t":40,"s":[381.414,833.5,0],"e":[397.03,194,0],"to":[2.60255432128906,-106.583335876465,0],"ti":[-2.60255432128906,106.583335876465,0]},{"t":87}],"ix":2},"a":{"a":0,"k":[360,360,0],"ix":1},"s":{"a":0,"k":[25.893,25.893,100],"ix":6}},"ao":0,"shapes":[{"ty":"gr","it":[{"ind":0,"ty":"sh","ix":1,"ks":{"a":0,"k":{"i":[[0.097,33.015],[32.986,-0.328],[-0.02,-33.119],[-33.362,0.209]],"o":[[-0.097,-33.208],[-33.174,0.33],[0.022,33.337],[33.161,-0.207]],"v":[[60.45,-0.034],[-0.241,-60.352],[-60.186,0.128],[0.426,60.277]],"c":true},"ix":2},"nm":"Path 1","mn":"ADBE Vector Shape - Group","hd":false},{"ind":1,"ty":"sh","ix":2,"ks":{"a":0,"k":{"i":[[131.048,-0.187],[0.233,131.011],[-131.23,0.406],[0.093,-131.116]],"o":[[-130.619,0.188],[-0.234,-130.711],[130.884,-0.405],[-0.092,130.874]],"v":[[0.051,237.173],[-237.023,0.15],[-0.136,-236.955],[237.165,0.201]],"c":true},"ix":2},"nm":"Path 2","mn":"ADBE Vector Shape - Group","hd":false},{"ty":"mm","mm":1,"nm":"Merge Paths 1","mn":"ADBE Vector Filter - Merge","hd":false},{"ty":"fl","c":{"a":0,"k":[1,1,1,1],"ix":4},"o":{"a":0,"k":100,"ix":5},"r":1,"nm":"Fill 1","mn":"ADBE Vector Graphic - Fill","hd":false},{"ty":"tr","p":{"a":0,"k":[367.085,361.702],"ix":2},"a":{"a":0,"k":[0,0],"ix":1},"s":{"a":0,"k":[100,100],"ix":3},"r":{"a":0,"k":0,"ix":6},"o":{"a":0,"k":100,"ix":7},"sk":{"a":0,"k":0,"ix":4},"sa":{"a":0,"k":0,"ix":5},"nm":"Transform"}],"nm":"Group 1","np":4,"cix":2,"ix":1,"mn":"ADBE Vector Group","hd":false},{"ty":"gr","it":[{"ind":0,"ty":"sh","ix":1,"ks":{"a":0,"k":{"i":[[-134.771,0.105],[0.082,135.053],[135.423,0.163],[-0.211,-135.386]],"o":[[135.33,-0.106],[-0.082,-135.419],[-135.338,-0.163],[0.21,134.941]],"v":[[0.37,244.656],[245.431,-0.244],[0.586,-245.228],[-244.51,0.043]],"c":true},"ix":2},"nm":"Path 1","mn":"ADBE Vector Shape - Group","hd":false},{"ind":1,"ty":"sh","ix":2,"ks":{"a":0,"k":{"i":[[0,0],[0.045,-0.222],[12.624,-0.46],[10.101,-0.199],[1.041,-3.434],[1.282,-6.982],[-4.054,-2.583],[-8.901,-5.11],[1.203,-4.433],[2.494,-4.153],[4.441,0.877],[10.463,2.393],[2.33,-3.63],[2.834,-5.318],[-3.799,-4.112],[-6.688,-6.912],[4.685,-6.926],[1.445,-1.97],[5.379,2.783],[10.397,5.509],[2.885,-2.479],[4.302,-4.773],[-2.911,-5.577],[-4.404,-8.573],[4.8,-3.758],[2.028,-1.363],[5.076,4.776],[7.289,6.775],[9.894,-5.329],[3.178,-2.273],[-1.229,-4.778],[-2.612,-11.42],[5.184,-2.597],[4.367,-0.514],[1.59,2.228],[5.405,8.935],[10.205,-2.761],[3.917,-1.522],[0.101,-5.15],[0.228,-11.437],[4.672,-1.775],[3.108,3.977],[0.753,2.441],[3.098,10.273],[4.465,0.203],[5.803,-0.413],[1.281,-4.619],[3.312,-11.058],[6.171,0.125],[3.261,0.187],[0.208,6.697],[0.686,11.079],[1.847,0.714],[7.246,1.67],[2.076,-3.336],[6.065,-9.483],[6.9,2.557],[3.361,2.173],[-1.093,4.313],[-2.206,12],[1.895,1.348],[6.742,3.056],[1.817,-1.532],[7.275,-7.855],[7.152,5.394],[1.479,1.58],[-1.908,3.675],[-5.56,8.414],[8.094,7.06],[14.346,-8.149],[7.407,-3.826],[1.862,-0.173],[3.806,5.2],[-3.185,3.481],[-8.205,8.629],[1.904,3.823],[3.197,5.271],[5.552,-1.24],[8.866,-2.116],[3.641,9.021],[-13.983,8.86],[-7.768,4.474],[1.021,4.319],[2.612,6.069],[2.431,0.183],[10.435,0.269],[1.311,12.104],[-0.25,1.847],[-5.116,1.47],[-10.938,4.129],[-0.522,2.908],[0.477,6.282],[5.205,1.516],[10.043,3.299],[-1.443,7.042],[-0.541,2.546],[-6.018,0.182],[-11.436,0.204],[-1.604,4.235],[-1.156,5.565],[3.712,2.338],[9.439,6.119],[-2.329,8.087],[-2.437,3.377],[-5.027,-1.078],[-9.992,-2.896],[-1.501,2.274],[-3.083,6.931],[1.384,1.592],[7.951,8.412],[-3.398,6.159],[-1.769,1.926],[-6.369,-3.466],[-9.133,-5.106],[-4.079,3.868],[-3.468,4.174],[2.971,5.411],[4.875,9.25],[0.025,1.091],[-5.675,3.651],[-4.262,-4.232],[-7.577,-7.6],[-4.885,2.65],[-5.378,4.318],[0.449,2.097],[2.397,12.12],[-1.963,1.642],[-6.95,-0.967],[-1.7,-2.495],[-4.717,-8.91],[-6.914,1.545],[-4.784,1.972],[-0.064,4.116],[-0.832,11.063],[-7.389,2.26],[-1.44,0.569],[0,0],[-1.352,-3.717],[-3.776,-10.34],[-2.561,-0.576],[-5.523,0.349],[-1.724,5.856],[-3.541,10.254],[-2.28,3.206],[0,0],[-1.802,-0.466],[-0.172,-5.121],[-0.18,-11.433],[-3.886,-1.433],[-5.381,-0.929],[-3.376,6.716],[-5.574,8.628],[-4.993,-1.618],[-3.97,-1.821],[1.103,-4.706],[1.703,-9.098],[-7.834,-4.721],[-4.954,-2.416],[-4.024,4.167],[-6.956,6.393],[-2.787,0.994],[-5.262,-4.222],[2.307,-4.437],[4.991,-10.634],[-1.468,-2.881],[-3.334,-3.18],[-8.993,4.651],[-8.588,4.371],[-4.362,-5.511],[-1.72,-2.574],[4.207,-4.603],[7.99,-8.368],[-1.66,-3.588],[-3.415,-5.31],[-4.538,1.111],[-8.882,2.605],[-4.887,-14.442],[-0.098,-0.311],[5.41,-3.454],[7.89,-5.204],[-0.898,-7.297],[-1.743,-5.732],[-5.8,-0.056],[-11.254,-0.54],[-0.99,-1.438],[-1.691,-3.528],[0,0],[3.81,-1.198],[11.241,-3.713],[0.752,-1.332],[-0.521,-7.355],[-5.794,-1.544],[-8.005,-2.65],[-2.835,-6.065]],"o":[[-0.26,0.177],[-2.432,11.849],[-10.099,0.369],[-3.506,0.069],[-2.066,6.818],[-1.082,5.892],[8.66,5.521],[4.777,2.742],[-1.256,4.628],[-3.13,5.212],[-10.521,-2.078],[-3.902,-0.893],[-3.253,5.067],[-3.313,6.219],[6.525,7.064],[5.759,5.951],[-1.37,2.026],[-3.5,4.771],[-10.451,-5.407],[-3.275,-1.736],[-4.889,4.201],[-5.583,6.194],[4.46,8.546],[2.593,5.049],[-1.919,1.503],[-5.972,4.011],[-7.249,-6.818],[-7.574,-7.042],[-3.437,1.851],[-3.533,2.527],[2.917,11.344],[1.168,5.118],[-4.04,2.024],[-2.556,0.301],[-6.062,-8.492],[-4.961,-8.2],[-4.077,1.103],[-4.323,1.68],[-0.226,11.435],[-0.096,4.833],[-7.49,2.845],[-1.557,-1.991],[-3.164,-10.254],[-1.334,-4.423],[-5.822,-0.265],[-4.034,0.286],[-3.083,11.121],[-1.724,5.761],[-3.259,-0.066],[-7.049,-0.407],[-0.344,-11.101],[-0.152,-2.453],[-6.917,-2.669],[-3.968,-0.915],[-5.949,9.557],[-4.118,6.438],[-3.783,-1.403],[-3.096,-2.001],[2.997,-11.831],[0.483,-2.629],[-6.021,-4.282],[-2.006,-0.908],[-8.203,6.923],[-8.513,9.192],[-1.712,-1.292],[-2.766,-2.956],[4.672,-9],[8.099,-12.256],[-11.026,-9.617],[-7.246,4.116],[-1.727,0.893],[-8.345,0.779],[-3.477,-4.75],[8.036,-8.788],[2.897,-3.045],[-2.75,-5.522],[-3.675,-6.059],[-8.895,1.987],[-9.783,2.335],[-5.385,-13.344],[7.578,-4.802],[4.255,-2.451],[-1.527,-6.451],[-0.903,-2.097],[-10.4,-0.784],[-12.218,-0.314],[-0.21,-1.936],[0.626,-4.617],[11.245,-3.229],[2.998,-1.132],[1.101,-6.122],[-0.476,-6.276],[-10.15,-2.957],[-6.244,-2.051],[0.523,-2.552],[1.26,-5.92],[11.433,-0.346],[5.257,-0.094],[2.004,-5.289],[0.899,-4.329],[-9.519,-5.995],[-7.155,-4.637],[1.16,-4.027],[3.797,-5.264],[10.184,2.183],[3.976,1.151],[4.167,-6.317],[0.775,-1.743],[-7.593,-8.731],[-6.074,-6.425],[1.251,-2.269],[4.929,-5.365],[9.191,5.003],[4.684,2.618],[3.965,-3.76],[4.522,-5.441],[-5.034,-9.166],[-0.512,-0.971],[-0.198,-8.562],[4.583,-2.949],[7.618,7.563],[4.247,4.26],[6.053,-3.284],[1.441,-1.156],[-2.59,-12.087],[-0.515,-2.599],[5.158,-4.312],[2.717,0.377],[5.689,8.346],[3.759,7.1],[5.034,-1.125],[3.629,-1.496],[0.174,-11.103],[0.551,-7.326],[1.476,-0.451],[0,0],[2.319,3.365],[3.763,10.346],[0.944,2.584],[5.37,1.209],[5.099,-0.323],[3.067,-10.417],[1.232,-3.568],[0,0],[1.751,0.66],[5.221,1.35],[0.388,11.429],[0.069,4.327],[5.152,1.899],[5.884,1.015],[4.59,-9.132],[3.576,-5.535],[4.127,1.338],[5.069,2.326],[-2.117,9.024],[-1.126,6.016],[4.735,2.853],[4.933,2.405],[6.556,-6.792],[2.249,-2.067],[8.283,-2.954],[4.023,3.229],[-5.428,10.436],[-1.358,2.892],[2.027,3.977],[7.352,7.011],[8.561,-4.427],[7.242,-3.688],[1.922,2.429],[3.567,5.34],[-7.808,8.541],[-3.003,3.145],[2.644,5.716],[2.396,3.725],[9.009,-2.207],[14.467,-4.244],[0.105,0.309],[1.934,6.142],[-7.969,5.087],[-4.766,3.143],[0.726,5.892],[1.715,5.638],[11.266,0.109],[1.946,0.093],[2.192,3.182],[0,0],[-1.58,3.877],[-11.294,3.552],[-1.497,0.494],[-3.837,6.791],[0.467,6.618],[8.147,2.171],[5.36,1.775],[0,0]],"v":[[335.292,43.922],[334.54,44.462],[318.132,57.908],[287.833,58.871],[280.514,63.43],[274.922,84.048],[283.08,94.86],[309.217,111.171],[314.075,122.393],[307.952,135.609],[294.87,138.542],[263.546,131.09],[253.358,134.46],[244.353,150.138],[248.741,164.827],[268.627,185.734],[270.028,201.689],[265.881,207.739],[251.731,210.986],[220.467,194.592],[210.974,194.866],[196.834,208.061],[198.647,225.629],[212.296,251.124],[208.561,265.095],[202.53,269.257],[187.168,268.27],[165.533,247.697],[146.096,245.691],[136.19,251.981],[132.169,262.405],[140.139,296.637],[134.167,308.85],[121.465,313.525],[113.412,309.519],[96.407,283.207],[78.754,274.902],[66.568,278.34],[59.255,288.249],[58.321,322.553],[51.615,332.233],[30.805,330.785],[27.398,323.851],[18.225,292.993],[9.141,285.988],[-8.347,286.027],[-16.835,292.78],[-26.763,325.953],[-37.57,333.876],[-47.336,333.049],[-57.701,320.491],[-58.859,287.199],[-62.407,280.278],[-83.816,274.022],[-92.721,278.932],[-110.661,307.543],[-124.551,312.455],[-135.538,307.355],[-138.943,298.111],[-131.094,262.343],[-133.514,254.012],[-152.877,243.074],[-160.633,244.598],[-184.383,266.348],[-205.62,266.454],[-210.235,261.889],[-211.714,251.946],[-197.533,225.055],[-202.828,200.699],[-226.847,198.895],[-248.973,210.559],[-254.398,212.694],[-269.436,201.288],[-269.422,188.16],[-245.142,161.957],[-242.813,151.861],[-251.638,135.589],[-266.661,132.001],[-293.296,138.189],[-310.504,130.192],[-301.608,106.913],[-278.785,92.659],[-273.823,82.427],[-279.844,63.458],[-286.631,59.111],[-317.918,57.931],[-333.721,42.944],[-334.566,37.182],[-326.757,27.767],[-293.373,16.921],[-286.246,9.396],[-286.002,-9.493],[-296.792,-19.065],[-327.126,-28.328],[-333.85,-41.844],[-332.691,-49.583],[-322.472,-58.07],[-288.17,-59.035],[-278.127,-66.473],[-273.781,-82.962],[-278.517,-93.035],[-307.078,-111.017],[-312.589,-125.272],[-307.214,-136.751],[-292.705,-138.949],[-262.314,-131.703],[-253.532,-134.147],[-242.839,-154.251],[-244.378,-161.04],[-267.82,-186.652],[-269.605,-202.22],[-264.799,-208.436],[-248.525,-211.04],[-220.928,-196.078],[-207.899,-197.038],[-196.12,-208.418],[-197.016,-224.837],[-211.79,-252.51],[-212.666,-255.751],[-200.211,-270.791],[-187.121,-269.159],[-163.536,-247.208],[-149.797,-244.267],[-132.676,-255.949],[-131.118,-262.658],[-139.384,-298.809],[-136.649,-307.216],[-118.273,-313.814],[-110.867,-308.135],[-94.808,-282.434],[-78.697,-275.187],[-63.957,-280.115],[-58.65,-288.798],[-57.573,-322.09],[-49.035,-333.388],[-44.709,-335.078],[-33.709,-335.078],[-26.909,-324.925],[-16.616,-293.526],[-10.107,-287.361],[6.523,-286.249],[18.251,-294.208],[27.619,-325.401],[34.292,-335.078],[45.292,-335.078],[50.555,-333.127],[58.269,-323.111],[59.236,-288.819],[64.961,-279.928],[80.755,-275.22],[94.961,-281.849],[111.29,-307.956],[123.511,-313.838],[135.456,-308.481],[139.878,-297.245],[133.49,-270.188],[136.335,-252.54],[150.656,-244.184],[163.962,-247.098],[184.464,-266.666],[191.979,-271.953],[209.908,-263.893],[212.187,-251.887],[195.797,-220.647],[196.15,-210.153],[205.193,-199.752],[223.353,-197.126],[248.822,-210.816],[265.139,-208.705],[270.671,-201.233],[269.824,-188.119],[246.257,-162.63],[243.822,-152.251],[253.193,-135.783],[263.746,-132.016],[290.869,-138.216],[313.278,-125.531],[313.443,-124.555],[309.041,-112.056],[285.027,-96.966],[274.52,-84.182],[279.059,-66.806],[290.696,-59.009],[324.483,-57.973],[330.064,-55.555],[335.292,-45.078],[335.292,-35.078],[326.759,-28.073],[292.926,-17.264],[289.002,-14.266],[286.842,7.194],[296.77,17.992],[320.989,25.311],[335.292,33.922]],"c":true},"ix":2},"nm":"Path 2","mn":"ADBE Vector Shape - Group","hd":false},{"ty":"mm","mm":1,"nm":"Merge Paths 1","mn":"ADBE Vector Filter - Merge","hd":false},{"ty":"fl","c":{"a":0,"k":[1,1,1,1],"ix":4},"o":{"a":0,"k":100,"ix":5},"r":1,"nm":"Fill 1","mn":"ADBE Vector Graphic - Fill","hd":false},{"ty":"tr","p":{"a":0,"k":[366.692,362.091],"ix":2},"a":{"a":0,"k":[0,0],"ix":1},"s":{"a":0,"k":[100,100],"ix":3},"r":{"a":0,"k":0,"ix":6},"o":{"a":0,"k":100,"ix":7},"sk":{"a":0,"k":0,"ix":4},"sa":{"a":0,"k":0,"ix":5},"nm":"Transform"}],"nm":"Group 2","np":4,"cix":2,"ix":2,"mn":"ADBE Vector Group","hd":false}],"ip":0,"op":420,"st":0,"bm":0},{"ddd":0,"ind":11,"ty":4,"nm":" ","sr":1,"ks":{"o":{"a":0,"k":100,"ix":11},"r":{"a":1,"k":[{"i":{"x":[0.833],"y":[0.833]},"o":{"x":[0.167],"y":[0.167]},"n":["0p833_0p833_0p167_0p167"],"t":0,"s":[360],"e":[0]},{"t":419}],"ix":10},"p":{"a":1,"k":[{"i":{"x":0,"y":1},"o":{"x":0.333,"y":0},"n":"0_1_0p333_0","t":40,"s":[395.052,892,0],"e":[211.807,326,0],"to":[-30.5408420562744,-94.3333358764648,0],"ti":[30.5408420562744,94.3333358764648,0]},{"t":87}],"ix":2},"a":{"a":0,"k":[360,360,0],"ix":1},"s":{"a":0,"k":[43.333,43.333,100],"ix":6}},"ao":0,"shapes":[{"ty":"gr","it":[{"ind":0,"ty":"sh","ix":1,"ks":{"a":0,"k":{"i":[[0.097,33.015],[32.986,-0.328],[-0.02,-33.119],[-33.362,0.209]],"o":[[-0.097,-33.208],[-33.174,0.33],[0.022,33.337],[33.161,-0.207]],"v":[[60.45,-0.034],[-0.241,-60.352],[-60.186,0.128],[0.426,60.277]],"c":true},"ix":2},"nm":"Path 1","mn":"ADBE Vector Shape - Group","hd":false},{"ind":1,"ty":"sh","ix":2,"ks":{"a":0,"k":{"i":[[131.048,-0.187],[0.233,131.011],[-131.23,0.406],[0.093,-131.116]],"o":[[-130.619,0.188],[-0.234,-130.711],[130.884,-0.405],[-0.092,130.874]],"v":[[0.051,237.173],[-237.023,0.15],[-0.136,-236.955],[237.165,0.201]],"c":true},"ix":2},"nm":"Path 2","mn":"ADBE Vector Shape - Group","hd":false},{"ty":"mm","mm":1,"nm":"Merge Paths 1","mn":"ADBE Vector Filter - Merge","hd":false},{"ty":"fl","c":{"a":0,"k":[1,1,1,1],"ix":4},"o":{"a":0,"k":100,"ix":5},"r":1,"nm":"Fill 1","mn":"ADBE Vector Graphic - Fill","hd":false},{"ty":"tr","p":{"a":0,"k":[367.085,361.702],"ix":2},"a":{"a":0,"k":[0,0],"ix":1},"s":{"a":0,"k":[100,100],"ix":3},"r":{"a":0,"k":0,"ix":6},"o":{"a":0,"k":100,"ix":7},"sk":{"a":0,"k":0,"ix":4},"sa":{"a":0,"k":0,"ix":5},"nm":"Transform"}],"nm":"Group 1","np":4,"cix":2,"ix":1,"mn":"ADBE Vector Group","hd":false},{"ty":"gr","it":[{"ind":0,"ty":"sh","ix":1,"ks":{"a":0,"k":{"i":[[-134.771,0.105],[0.082,135.053],[135.423,0.163],[-0.211,-135.386]],"o":[[135.33,-0.106],[-0.082,-135.419],[-135.338,-0.163],[0.21,134.941]],"v":[[0.37,244.656],[245.431,-0.244],[0.586,-245.228],[-244.51,0.043]],"c":true},"ix":2},"nm":"Path 1","mn":"ADBE Vector Shape - Group","hd":false},{"ind":1,"ty":"sh","ix":2,"ks":{"a":0,"k":{"i":[[0,0],[0.045,-0.222],[12.624,-0.46],[10.101,-0.199],[1.041,-3.434],[1.282,-6.982],[-4.054,-2.583],[-8.901,-5.11],[1.203,-4.433],[2.494,-4.153],[4.441,0.877],[10.463,2.393],[2.33,-3.63],[2.834,-5.318],[-3.799,-4.112],[-6.688,-6.912],[4.685,-6.926],[1.445,-1.97],[5.379,2.783],[10.397,5.509],[2.885,-2.479],[4.302,-4.773],[-2.911,-5.577],[-4.404,-8.573],[4.8,-3.758],[2.028,-1.363],[5.076,4.776],[7.289,6.775],[9.894,-5.329],[3.178,-2.273],[-1.229,-4.778],[-2.612,-11.42],[5.184,-2.597],[4.367,-0.514],[1.59,2.228],[5.405,8.935],[10.205,-2.761],[3.917,-1.522],[0.101,-5.15],[0.228,-11.437],[4.672,-1.775],[3.108,3.977],[0.753,2.441],[3.098,10.273],[4.465,0.203],[5.803,-0.413],[1.281,-4.619],[3.312,-11.058],[6.171,0.125],[3.261,0.187],[0.208,6.697],[0.686,11.079],[1.847,0.714],[7.246,1.67],[2.076,-3.336],[6.065,-9.483],[6.9,2.557],[3.361,2.173],[-1.093,4.313],[-2.206,12],[1.895,1.348],[6.742,3.056],[1.817,-1.532],[7.275,-7.855],[7.152,5.394],[1.479,1.58],[-1.908,3.675],[-5.56,8.414],[8.094,7.06],[14.346,-8.149],[7.407,-3.826],[1.862,-0.173],[3.806,5.2],[-3.185,3.481],[-8.205,8.629],[1.904,3.823],[3.197,5.271],[5.552,-1.24],[8.866,-2.116],[3.641,9.021],[-13.983,8.86],[-7.768,4.474],[1.021,4.319],[2.612,6.069],[2.431,0.183],[10.435,0.269],[1.311,12.104],[-0.25,1.847],[-5.116,1.47],[-10.938,4.129],[-0.522,2.908],[0.477,6.282],[5.205,1.516],[10.043,3.299],[-1.443,7.042],[-0.541,2.546],[-6.018,0.182],[-11.436,0.204],[-1.604,4.235],[-1.156,5.565],[3.712,2.338],[9.439,6.119],[-2.329,8.087],[-2.437,3.377],[-5.027,-1.078],[-9.992,-2.896],[-1.501,2.274],[-3.083,6.931],[1.384,1.592],[7.951,8.412],[-3.398,6.159],[-1.769,1.926],[-6.369,-3.466],[-9.133,-5.106],[-4.079,3.868],[-3.468,4.174],[2.971,5.411],[4.875,9.25],[0.025,1.091],[-5.675,3.651],[-4.262,-4.232],[-7.577,-7.6],[-4.885,2.65],[-5.378,4.318],[0.449,2.097],[2.397,12.12],[-1.963,1.642],[-6.95,-0.967],[-1.7,-2.495],[-4.717,-8.91],[-6.914,1.545],[-4.784,1.972],[-0.064,4.116],[-0.832,11.063],[-7.389,2.26],[-1.44,0.569],[0,0],[-1.352,-3.717],[-3.776,-10.34],[-2.561,-0.576],[-5.523,0.349],[-1.724,5.856],[-3.541,10.254],[-2.28,3.206],[0,0],[-1.802,-0.466],[-0.172,-5.121],[-0.18,-11.433],[-3.886,-1.433],[-5.381,-0.929],[-3.376,6.716],[-5.574,8.628],[-4.993,-1.618],[-3.97,-1.821],[1.103,-4.706],[1.703,-9.098],[-7.834,-4.721],[-4.954,-2.416],[-4.024,4.167],[-6.956,6.393],[-2.787,0.994],[-5.262,-4.222],[2.307,-4.437],[4.991,-10.634],[-1.468,-2.881],[-3.334,-3.18],[-8.993,4.651],[-8.588,4.371],[-4.362,-5.511],[-1.72,-2.574],[4.207,-4.603],[7.99,-8.368],[-1.66,-3.588],[-3.415,-5.31],[-4.538,1.111],[-8.882,2.605],[-4.887,-14.442],[-0.098,-0.311],[5.41,-3.454],[7.89,-5.204],[-0.898,-7.297],[-1.743,-5.732],[-5.8,-0.056],[-11.254,-0.54],[-0.99,-1.438],[-1.691,-3.528],[0,0],[3.81,-1.198],[11.241,-3.713],[0.752,-1.332],[-0.521,-7.355],[-5.794,-1.544],[-8.005,-2.65],[-2.835,-6.065]],"o":[[-0.26,0.177],[-2.432,11.849],[-10.099,0.369],[-3.506,0.069],[-2.066,6.818],[-1.082,5.892],[8.66,5.521],[4.777,2.742],[-1.256,4.628],[-3.13,5.212],[-10.521,-2.078],[-3.902,-0.893],[-3.253,5.067],[-3.313,6.219],[6.525,7.064],[5.759,5.951],[-1.37,2.026],[-3.5,4.771],[-10.451,-5.407],[-3.275,-1.736],[-4.889,4.201],[-5.583,6.194],[4.46,8.546],[2.593,5.049],[-1.919,1.503],[-5.972,4.011],[-7.249,-6.818],[-7.574,-7.042],[-3.437,1.851],[-3.533,2.527],[2.917,11.344],[1.168,5.118],[-4.04,2.024],[-2.556,0.301],[-6.062,-8.492],[-4.961,-8.2],[-4.077,1.103],[-4.323,1.68],[-0.226,11.435],[-0.096,4.833],[-7.49,2.845],[-1.557,-1.991],[-3.164,-10.254],[-1.334,-4.423],[-5.822,-0.265],[-4.034,0.286],[-3.083,11.121],[-1.724,5.761],[-3.259,-0.066],[-7.049,-0.407],[-0.344,-11.101],[-0.152,-2.453],[-6.917,-2.669],[-3.968,-0.915],[-5.949,9.557],[-4.118,6.438],[-3.783,-1.403],[-3.096,-2.001],[2.997,-11.831],[0.483,-2.629],[-6.021,-4.282],[-2.006,-0.908],[-8.203,6.923],[-8.513,9.192],[-1.712,-1.292],[-2.766,-2.956],[4.672,-9],[8.099,-12.256],[-11.026,-9.617],[-7.246,4.116],[-1.727,0.893],[-8.345,0.779],[-3.477,-4.75],[8.036,-8.788],[2.897,-3.045],[-2.75,-5.522],[-3.675,-6.059],[-8.895,1.987],[-9.783,2.335],[-5.385,-13.344],[7.578,-4.802],[4.255,-2.451],[-1.527,-6.451],[-0.903,-2.097],[-10.4,-0.784],[-12.218,-0.314],[-0.21,-1.936],[0.626,-4.617],[11.245,-3.229],[2.998,-1.132],[1.101,-6.122],[-0.476,-6.276],[-10.15,-2.957],[-6.244,-2.051],[0.523,-2.552],[1.26,-5.92],[11.433,-0.346],[5.257,-0.094],[2.004,-5.289],[0.899,-4.329],[-9.519,-5.995],[-7.155,-4.637],[1.16,-4.027],[3.797,-5.264],[10.184,2.183],[3.976,1.151],[4.167,-6.317],[0.775,-1.743],[-7.593,-8.731],[-6.074,-6.425],[1.251,-2.269],[4.929,-5.365],[9.191,5.003],[4.684,2.618],[3.965,-3.76],[4.522,-5.441],[-5.034,-9.166],[-0.512,-0.971],[-0.198,-8.562],[4.583,-2.949],[7.618,7.563],[4.247,4.26],[6.053,-3.284],[1.441,-1.156],[-2.59,-12.087],[-0.515,-2.599],[5.158,-4.312],[2.717,0.377],[5.689,8.346],[3.759,7.1],[5.034,-1.125],[3.629,-1.496],[0.174,-11.103],[0.551,-7.326],[1.476,-0.451],[0,0],[2.319,3.365],[3.763,10.346],[0.944,2.584],[5.37,1.209],[5.099,-0.323],[3.067,-10.417],[1.232,-3.568],[0,0],[1.751,0.66],[5.221,1.35],[0.388,11.429],[0.069,4.327],[5.152,1.899],[5.884,1.015],[4.59,-9.132],[3.576,-5.535],[4.127,1.338],[5.069,2.326],[-2.117,9.024],[-1.126,6.016],[4.735,2.853],[4.933,2.405],[6.556,-6.792],[2.249,-2.067],[8.283,-2.954],[4.023,3.229],[-5.428,10.436],[-1.358,2.892],[2.027,3.977],[7.352,7.011],[8.561,-4.427],[7.242,-3.688],[1.922,2.429],[3.567,5.34],[-7.808,8.541],[-3.003,3.145],[2.644,5.716],[2.396,3.725],[9.009,-2.207],[14.467,-4.244],[0.105,0.309],[1.934,6.142],[-7.969,5.087],[-4.766,3.143],[0.726,5.892],[1.715,5.638],[11.266,0.109],[1.946,0.093],[2.192,3.182],[0,0],[-1.58,3.877],[-11.294,3.552],[-1.497,0.494],[-3.837,6.791],[0.467,6.618],[8.147,2.171],[5.36,1.775],[0,0]],"v":[[335.292,43.922],[334.54,44.462],[318.132,57.908],[287.833,58.871],[280.514,63.43],[274.922,84.048],[283.08,94.86],[309.217,111.171],[314.075,122.393],[307.952,135.609],[294.87,138.542],[263.546,131.09],[253.358,134.46],[244.353,150.138],[248.741,164.827],[268.627,185.734],[270.028,201.689],[265.881,207.739],[251.731,210.986],[220.467,194.592],[210.974,194.866],[196.834,208.061],[198.647,225.629],[212.296,251.124],[208.561,265.095],[202.53,269.257],[187.168,268.27],[165.533,247.697],[146.096,245.691],[136.19,251.981],[132.169,262.405],[140.139,296.637],[134.167,308.85],[121.465,313.525],[113.412,309.519],[96.407,283.207],[78.754,274.902],[66.568,278.34],[59.255,288.249],[58.321,322.553],[51.615,332.233],[30.805,330.785],[27.398,323.851],[18.225,292.993],[9.141,285.988],[-8.347,286.027],[-16.835,292.78],[-26.763,325.953],[-37.57,333.876],[-47.336,333.049],[-57.701,320.491],[-58.859,287.199],[-62.407,280.278],[-83.816,274.022],[-92.721,278.932],[-110.661,307.543],[-124.551,312.455],[-135.538,307.355],[-138.943,298.111],[-131.094,262.343],[-133.514,254.012],[-152.877,243.074],[-160.633,244.598],[-184.383,266.348],[-205.62,266.454],[-210.235,261.889],[-211.714,251.946],[-197.533,225.055],[-202.828,200.699],[-226.847,198.895],[-248.973,210.559],[-254.398,212.694],[-269.436,201.288],[-269.422,188.16],[-245.142,161.957],[-242.813,151.861],[-251.638,135.589],[-266.661,132.001],[-293.296,138.189],[-310.504,130.192],[-301.608,106.913],[-278.785,92.659],[-273.823,82.427],[-279.844,63.458],[-286.631,59.111],[-317.918,57.931],[-333.721,42.944],[-334.566,37.182],[-326.757,27.767],[-293.373,16.921],[-286.246,9.396],[-286.002,-9.493],[-296.792,-19.065],[-327.126,-28.328],[-333.85,-41.844],[-332.691,-49.583],[-322.472,-58.07],[-288.17,-59.035],[-278.127,-66.473],[-273.781,-82.962],[-278.517,-93.035],[-307.078,-111.017],[-312.589,-125.272],[-307.214,-136.751],[-292.705,-138.949],[-262.314,-131.703],[-253.532,-134.147],[-242.839,-154.251],[-244.378,-161.04],[-267.82,-186.652],[-269.605,-202.22],[-264.799,-208.436],[-248.525,-211.04],[-220.928,-196.078],[-207.899,-197.038],[-196.12,-208.418],[-197.016,-224.837],[-211.79,-252.51],[-212.666,-255.751],[-200.211,-270.791],[-187.121,-269.159],[-163.536,-247.208],[-149.797,-244.267],[-132.676,-255.949],[-131.118,-262.658],[-139.384,-298.809],[-136.649,-307.216],[-118.273,-313.814],[-110.867,-308.135],[-94.808,-282.434],[-78.697,-275.187],[-63.957,-280.115],[-58.65,-288.798],[-57.573,-322.09],[-49.035,-333.388],[-44.709,-335.078],[-33.709,-335.078],[-26.909,-324.925],[-16.616,-293.526],[-10.107,-287.361],[6.523,-286.249],[18.251,-294.208],[27.619,-325.401],[34.292,-335.078],[45.292,-335.078],[50.555,-333.127],[58.269,-323.111],[59.236,-288.819],[64.961,-279.928],[80.755,-275.22],[94.961,-281.849],[111.29,-307.956],[123.511,-313.838],[135.456,-308.481],[139.878,-297.245],[133.49,-270.188],[136.335,-252.54],[150.656,-244.184],[163.962,-247.098],[184.464,-266.666],[191.979,-271.953],[209.908,-263.893],[212.187,-251.887],[195.797,-220.647],[196.15,-210.153],[205.193,-199.752],[223.353,-197.126],[248.822,-210.816],[265.139,-208.705],[270.671,-201.233],[269.824,-188.119],[246.257,-162.63],[243.822,-152.251],[253.193,-135.783],[263.746,-132.016],[290.869,-138.216],[313.278,-125.531],[313.443,-124.555],[309.041,-112.056],[285.027,-96.966],[274.52,-84.182],[279.059,-66.806],[290.696,-59.009],[324.483,-57.973],[330.064,-55.555],[335.292,-45.078],[335.292,-35.078],[326.759,-28.073],[292.926,-17.264],[289.002,-14.266],[286.842,7.194],[296.77,17.992],[320.989,25.311],[335.292,33.922]],"c":true},"ix":2},"nm":"Path 2","mn":"ADBE Vector Shape - Group","hd":false},{"ty":"mm","mm":1,"nm":"Merge Paths 1","mn":"ADBE Vector Filter - Merge","hd":false},{"ty":"fl","c":{"a":0,"k":[1,1,1,1],"ix":4},"o":{"a":0,"k":100,"ix":5},"r":1,"nm":"Fill 1","mn":"ADBE Vector Graphic - Fill","hd":false},{"ty":"tr","p":{"a":0,"k":[366.692,362.091],"ix":2},"a":{"a":0,"k":[0,0],"ix":1},"s":{"a":0,"k":[100,100],"ix":3},"r":{"a":0,"k":0,"ix":6},"o":{"a":0,"k":100,"ix":7},"sk":{"a":0,"k":0,"ix":4},"sa":{"a":0,"k":0,"ix":5},"nm":"Transform"}],"nm":"Group 2","np":4,"cix":2,"ix":2,"mn":"ADBE Vector Group","hd":false}],"ip":0,"op":420,"st":0,"bm":0},{"ddd":0,"ind":12,"ty":4,"nm":"GEAR_2 Outlines","sr":1,"ks":{"o":{"a":0,"k":100,"ix":11},"r":{"a":1,"k":[{"i":{"x":[0.833],"y":[0.833]},"o":{"x":[0.167],"y":[0.167]},"n":["0p833_0p833_0p167_0p167"],"t":0,"s":[0],"e":[360]},{"t":417}],"ix":10},"p":{"a":1,"k":[{"i":{"x":0,"y":1},"o":{"x":0.333,"y":0},"n":"0_1_0p333_0","t":40,"s":[384.329,844,0],"e":[209.5,106,0],"to":[-29.1381988525391,-123,0],"ti":[29.1381988525391,123,0]},{"t":87}],"ix":2},"a":{"a":0,"k":[368.504,339.988,0],"ix":1},"s":{"a":0,"k":[39.722,39.722,100],"ix":6}},"ao":0,"shapes":[{"ty":"gr","it":[{"ind":0,"ty":"sh","ix":1,"ks":{"a":0,"k":{"i":[[0.186,33.184],[33.05,-0.088],[-0.08,-33.403],[-33.531,0.232]],"o":[[-0.187,-33.316],[-33.564,0.089],[0.08,33.489],[33.366,-0.232]],"v":[[60.53,0.264],[0.426,-59.824],[-59.922,0.539],[0.698,60.519]],"c":true},"ix":2},"nm":"Path 1","mn":"ADBE Vector Shape - Group","hd":false},{"ind":1,"ty":"sh","ix":2,"ks":{"a":0,"k":{"i":[[0,0],[-6.845,2.154],[-8.544,2.641],[-1.02,7.655],[7.252,4.189],[8.763,5.045],[-1.879,5.766],[-1.354,3.116],[-5.087,-0.663],[-9.571,-1.236],[-3.67,0.399],[-1.894,2.031],[-1.57,4.17],[3.541,4.457],[7.282,9.455],[-2.222,3.537],[-2.519,2.228],[-7.674,-4.694],[-10.679,-5.646],[-5.362,4.102],[1.749,6.48],[3.062,11.471],[-4.925,2.978],[-3.842,1.267],[-2.97,-3.844],[-8.131,-10.257],[-1.456,-0.699],[-1.442,10.112],[-1.772,12.302],[-4.034,1.27],[-2.593,0.145],[-3.068,-11.98],[-2.226,-9.482],[-7.494,-0.908],[-4.035,8.045],[-6.255,10.329],[-5.232,-1.875],[-2.452,-0.848],[1.573,-8.737],[0.791,-6.847],[0.408,-4.876],[-0.52,-1.861],[-6.923,4.959],[-8.903,6.914],[-7.078,-10.193],[5.674,-10.746],[5.206,-9.238],[-4.654,-5.693],[-6.468,1.805],[-11.928,3.239],[-2.169,-3.149],[-1.797,-4.653],[4.534,-3.45],[8.851,-6.738],[-2.743,-8.262],[-10.489,-1.754],[-10.823,-1.534],[-0.395,-3.362],[0.558,-5.679],[2.378,-0.739],[12.245,-3.304],[0.568,-9.416],[-6.544,-3.513],[-10.582,-6.454],[1.661,-4.741],[1.275,-3.49],[4.873,0.474],[10.524,1.599],[1.525,-16.139],[-1.557,-2.138],[-7.594,-9.63],[2.475,-3.971],[1.8,-2.091],[8.645,5.055],[10.892,5.515],[2.055,-0.964],[0.561,-8.561],[-1.123,-4.669],[-2.796,-8.829],[3.889,-2.599],[4.582,-1.19],[3.975,4.909],[7.103,8.384],[4.571,-1.645],[1.907,-0.421],[0.918,-6.022],[1.588,-12.496],[5.601,-0.792],[0.667,-0.332],[0,0],[1.287,2.503],[1.079,3.92],[2.689,8.865],[7.056,0.866],[3.484,-6.014],[6.461,-10.571],[6.11,1.899],[1.356,0.521],[-0.91,8.081],[-0.839,6.984],[0.362,6.27],[6.954,2.645],[4.191,-3.334],[9.292,-6.941],[4.364,1.806],[2.702,6.105],[-1.24,2.506],[-6.02,9.288],[7.891,8.973],[4.492,-1.346],[4.717,-1.238],[6.755,-1.804],[5.116,10.15],[-5.062,4.346],[-5.672,4.434],[-4.566,4.189],[1.839,6.611],[6.293,0.847],[12.478,1.698],[0.768,5.411],[0.332,0.668]],"o":[[3.752,-8.112],[8.53,-2.684],[6.27,-1.939],[1.39,-10.437],[-8.755,-5.058],[-5.294,-3.048],[1.055,-3.238],[1.991,-4.581],[9.57,1.249],[3.739,0.483],[2.84,-0.308],[3.063,-3.284],[1.978,-5.254],[-7.421,-9.342],[-2.659,-3.454],[1.819,-2.894],[6.996,-6.187],[10.296,6.298],[7.428,3.926],[5.43,-4.155],[-3.093,-11.462],[-1.558,-5.84],[3.459,-2.092],[4.517,-1.489],[8.001,10.36],[0.963,1.214],[9.273,4.455],[1.754,-12.305],[0.604,-4.197],[2.469,-0.778],[10.755,-0.604],[2.418,9.442],[1.933,8.229],[7.452,0.904],[5.398,-10.761],[2.657,-4.389],[2.44,0.874],[8.2,2.832],[-1.218,6.767],[-0.562,4.866],[-0.158,1.881],[2.295,8.22],[9.166,-6.563],[9.592,-7.449],[5.564,8.016],[-4.948,9.373],[-4.446,7.889],[4.134,5.057],[11.905,-3.321],[3.734,-1.014],[2.852,4.141],[1.799,4.659],[-8.851,6.736],[-7.015,5.34],[3.644,10.974],[10.78,1.803],[3.571,0.506],[0.673,5.72],[-0.214,2.178],[-12.104,3.761],[-7.132,1.924],[-0.41,6.826],[10.911,5.858],[3.806,2.321],[-1.229,3.509],[-1.615,4.423],[-10.598,-1.031],[-16.298,-2.479],[-0.225,2.386],[7.219,9.915],[2.966,3.76],[-1.463,2.349],[-6.402,7.434],[-10.538,-6.162],[-1.99,-1.008],[-6.621,3.109],[-0.305,4.659],[2.169,9.015],[1.553,4.904],[-3.994,2.669],[-7.941,2.065],[-6.918,-8.539],[-3.011,-3.554],[-1.821,0.657],[-6.134,1.353],[-1.898,12.452],[-0.705,5.546],[-0.701,0.099],[0,0],[-2.196,-2.034],[-1.826,-3.547],[-2.458,-8.936],[-2.391,-7.882],[-6.694,-0.822],[-6.212,10.721],[-3.473,5.684],[-1.395,-0.434],[-7.968,-3.067],[0.788,-6.991],[0.759,-6.321],[-0.48,-8.314],[-4.541,-1.727],[-9.074,7.219],[-3.27,2.443],[-5.937,-2.457],[-1.152,-2.606],[4.917,-9.934],[8.177,-12.617],[-2.6,-2.956],[-4.665,1.396],[-6.762,1.775],[-11.661,3.113],[-2.607,-5.172],[5.458,-4.685],[4.898,-3.83],[5.872,-5.388],[-1.717,-6.173],[-12.48,-1.681],[-5.302,-0.72],[-0.099,-0.701],[0,0]],"v":[[-239.673,8.277],[-220.798,-1.654],[-195.007,-9.064],[-184.531,-24.806],[-197.236,-43.585],[-223.532,-58.706],[-228.688,-71.904],[-225.254,-81.523],[-214.595,-87.704],[-185.898,-83.857],[-174.661,-82.923],[-166.582,-86.611],[-159.166,-98.014],[-162.874,-112.549],[-184.548,-141.046],[-185.257,-151.538],[-179.031,-159.7],[-161.728,-161.478],[-130.031,-143.913],[-111.928,-148.971],[-106.793,-165.025],[-115.998,-199.434],[-111.441,-212.26],[-100.354,-217.323],[-88.992,-213.46],[-64.841,-182.497],[-60.801,-179.786],[-35.692,-192.981],[-30.62,-229.922],[-23.43,-238.344],[-15.717,-239.673],[1.337,-225.357],[9.108,-197.166],[24.12,-184.793],[41.699,-193.103],[60.187,-224.236],[71.678,-228.781],[79.176,-226.656],[87.629,-211.118],[85.31,-190.577],[83.498,-175.996],[84.375,-170.251],[109.974,-160.927],[137.126,-181.094],[161.922,-177.452],[160.766,-158.783],[145.133,-131.081],[149.83,-111.72],[165.517,-106.75],[201.352,-116.285],[210.678,-113.706],[218.122,-100.564],[212.719,-87.775],[186.359,-67.309],[180.948,-47.327],[199.554,-34.757],[231.979,-29.859],[238.401,-24.089],[239.114,-6.839],[233.392,-0.98],[196.763,9.282],[185.306,26.118],[193.469,41.456],[225.48,60.366],[229.594,70.76],[226.312,81.428],[216.62,88.208],[184.89,84.486],[159.501,104.206],[162.55,111.654],[184.706,141.033],[185.781,152.291],[180.972,159.069],[161.163,161.718],[128.922,144.324],[121.553,144.345],[107.054,159.272],[109.449,173.451],[116.53,200.348],[113.274,211.642],[100.319,218.087],[85.34,208.397],[64.407,182.926],[52.86,179.999],[47.148,181.28],[36.426,192.613],[31.346,230.059],[22.334,239.311],[20.327,240.277],[8.327,240.277],[1.913,234.082],[-1.655,222.455],[-9.01,195.644],[-25.255,185.285],[-40.537,192.76],[-59.524,224.717],[-71.833,229.322],[-76.084,228.233],[-87.643,214.738],[-84.949,193.804],[-83.1,174.827],[-97.247,160.298],[-110.144,161.999],[-137.901,182.978],[-148.915,186.999],[-163.198,174.866],[-163.193,165.69],[-147.148,136.548],[-151.264,110.411],[-162.185,107.188],[-176.402,110.646],[-196.63,116.197],[-215.686,105.467],[-214.431,90.648],[-197.493,77.25],[-182.832,65.734],[-180.625,47.066],[-192.512,36.285],[-229.954,31.25],[-238.708,22.285],[-239.673,20.277]],"c":true},"ix":2},"nm":"Path 2","mn":"ADBE Vector Shape - Group","hd":false},{"ty":"mm","mm":1,"nm":"Merge Paths 1","mn":"ADBE Vector Filter - Merge","hd":false},{"ty":"fl","c":{"a":0,"k":[1,1,1,1],"ix":4},"o":{"a":0,"k":100,"ix":5},"r":1,"nm":"Fill 1","mn":"ADBE Vector Graphic - Fill","hd":false},{"ty":"tr","p":{"a":0,"k":[368.673,339.723],"ix":2},"a":{"a":0,"k":[0,0],"ix":1},"s":{"a":0,"k":[100,100],"ix":3},"r":{"a":0,"k":0,"ix":6},"o":{"a":0,"k":100,"ix":7},"sk":{"a":0,"k":0,"ix":4},"sa":{"a":0,"k":0,"ix":5},"nm":"Transform"}],"nm":"Group 1","np":4,"cix":2,"ix":1,"mn":"ADBE Vector Group","hd":false}],"ip":0,"op":420,"st":0,"bm":0},{"ddd":0,"ind":13,"ty":1,"nm":"Deep Blue Solid 1","sr":1,"ks":{"o":{"a":0,"k":100,"ix":11},"r":{"a":0,"k":0,"ix":10},"p":{"a":0,"k":[360,360,0],"ix":2},"a":{"a":0,"k":[360,360,0],"ix":1},"s":{"a":0,"k":[100,100,100],"ix":6}},"ao":0,"sw":720,"sh":720,"sc":"#17319f","ip":0,"op":420,"st":0,"bm":0}],"markers":[]}