{"v":"5.5.1","fr":30,"ip":0,"op":60,"w":160,"h":160,"nm":"search-animate","ddd":0,"assets":[{"id":"comp_0","layers":[{"ddd":0,"ind":1,"ty":4,"nm":"round","sr":1,"ks":{"o":{"a":0,"k":100,"ix":11},"r":{"a":0,"k":0,"ix":10},"p":{"a":0,"k":[50,50,0],"ix":2},"a":{"a":0,"k":[0,0,0],"ix":1},"s":{"a":0,"k":[100,100,100],"ix":6}},"ao":0,"shapes":[{"ty":"gr","it":[{"ind":0,"ty":"sh","ix":1,"ks":{"a":1,"k":[{"i":{"x":0.667,"y":1},"o":{"x":0.333,"y":0},"t":0,"s":[{"i":[[0,0],[0,0]],"o":[[0,0],[0,0]],"v":[[14.321,16.932],[33.899,36.2]],"c":false}]},{"i":{"x":0.833,"y":1},"o":{"x":0.167,"y":0},"t":10,"s":[{"i":[[0,0],[0,0]],"o":[[0,0],[0,0]],"v":[[-42.853,-40.846],[27.147,30.154]],"c":false}]},{"i":{"x":0.667,"y":1},"o":{"x":0.167,"y":0},"t":12,"s":[{"i":[[0,0],[-15.556,-15.778]],"o":[[23.333,23.667],[0,0]],"v":[[-42.853,-40.846],[24.147,26.904]],"c":false}]},{"i":{"x":0.667,"y":1},"o":{"x":0.167,"y":0},"t":14,"s":[{"i":[[0,0],[0,0]],"o":[[0,0],[0,0]],"v":[[-42.853,-40.846],[27.147,30.154]],"c":false}]},{"i":{"x":0.833,"y":1},"o":{"x":0.333,"y":0},"t":30,"s":[{"i":[[0,0],[0,0]],"o":[[0,0],[0,0]],"v":[[-42.853,-40.846],[27.147,30.154]],"c":false}]},{"i":{"x":0.833,"y":1},"o":{"x":0.167,"y":0},"t":32,"s":[{"i":[[0,0],[-15.556,-15.778]],"o":[[23.333,23.667],[0,0]],"v":[[-42.853,-40.846],[24.147,26.904]],"c":false}]},{"i":{"x":1,"y":1},"o":{"x":0.333,"y":0},"t":34,"s":[{"i":[[0,0],[0,0]],"o":[[0,0],[0,0]],"v":[[-42.853,-40.846],[27.147,30.154]],"c":false}]},{"t":44,"s":[{"i":[[0,0],[0,0]],"o":[[0,0],[0,0]],"v":[[14.724,17.28],[36.418,38.681]],"c":false}]}],"ix":2},"nm":"1","mn":"ADBE Vector Shape - Group","hd":false},{"ty":"st","c":{"a":0,"k":[0.098039217293,0.329411774874,0.537254929543,1],"ix":3},"o":{"a":0,"k":100,"ix":4},"w":{"a":0,"k":10,"ix":5},"lc":2,"lj":1,"ml":4,"bm":0,"nm":"Stroke 1","mn":"ADBE Vector Graphic - Stroke","hd":false},{"ty":"tr","p":{"a":0,"k":[7.853,5.346],"ix":2},"a":{"a":0,"k":[0,0],"ix":1},"s":{"a":0,"k":[100,100],"ix":3},"r":{"a":0,"k":0,"ix":6},"o":{"a":0,"k":100,"ix":7},"sk":{"a":0,"k":0,"ix":4},"sa":{"a":0,"k":0,"ix":5},"nm":"Transform"}],"nm":"Rectangle 1","np":3,"cix":2,"bm":0,"ix":1,"mn":"ADBE Vector Group","hd":false}],"ip":0,"op":112,"st":0,"bm":0},{"ddd":0,"ind":2,"ty":4,"nm":"line","sr":1,"ks":{"o":{"a":0,"k":100,"ix":11},"r":{"a":1,"k":[{"i":{"x":[0.833],"y":[0.833]},"o":{"x":[0.167],"y":[0.167]},"t":30,"s":[0]},{"i":{"x":[0.833],"y":[0.833]},"o":{"x":[0.167],"y":[0.167]},"t":36,"s":[0]},{"t":42,"s":[180]}],"ix":10},"p":{"a":1,"k":[{"i":{"x":0.833,"y":0.833},"o":{"x":0.167,"y":0.167},"t":0,"s":[50,50,0],"to":[-0.042,-0.042,0],"ti":[0,0,0]},{"i":{"x":0.833,"y":0.833},"o":{"x":0.167,"y":0.167},"t":8,"s":[49.75,49.75,0],"to":[0,0,0],"ti":[-0.042,-0.042,0]},{"i":{"x":0.833,"y":0.833},"o":{"x":0.167,"y":0.167},"t":10,"s":[50,50,0],"to":[0,0,0],"ti":[0,0,0]},{"i":{"x":0.833,"y":0.833},"o":{"x":0.167,"y":0.167},"t":30,"s":[50,50,0],"to":[-0.042,-0.042,0],"ti":[0,0,0]},{"i":{"x":0.833,"y":0.833},"o":{"x":0.167,"y":0.167},"t":32,"s":[49.75,49.75,0],"to":[0,0,0],"ti":[-0.042,-0.042,0]},{"t":40,"s":[50,50,0]}],"ix":2},"a":{"a":0,"k":[0,0,0],"ix":1},"s":{"a":0,"k":[100,100,100],"ix":6}},"ao":0,"shapes":[{"ty":"gr","it":[{"ind":0,"ty":"sh","ix":1,"ks":{"a":1,"k":[{"i":{"x":0.667,"y":1},"o":{"x":0.333,"y":0},"t":0,"s":[{"i":[[0,0],[11.744,13.684],[-10.63,11.543],[-12.419,-12.428],[12.118,-12.118]],"o":[[-12.744,12.703],[-10.249,-11.942],[11.925,-12.95],[12.111,12.12],[0,0]],"v":[[14.239,16.809],[-31.85,15.069],[-31.061,-26.924],[14.276,-27.776],[14.276,16.772]],"c":false}]},{"i":{"x":0.667,"y":1},"o":{"x":0.333,"y":0},"t":2,"s":[{"i":[[0,0],[8.202,5.791],[-7.441,8.08],[-5.01,-7.951],[8.483,-8.483]],"o":[[-8.921,8.892],[-8.202,-5.791],[8.348,-9.065],[5.01,7.951],[0,0]],"v":[[18.112,-0.338],[-19.401,3.694],[-24.098,-20.451],[2.388,-15.797],[-2.862,20.637]],"c":false}]},{"i":{"x":0.667,"y":1},"o":{"x":0.333,"y":0},"t":4,"s":[{"i":[[0,0],[5.014,3.747],[-2.679,3.009],[-3.643,-5.354],[6.059,-6.059]],"o":[[-6.372,6.352],[-5.014,-3.747],[3.091,-3.456],[3.643,5.354],[0,0]],"v":[[20.693,-11.769],[-6.601,-4.389],[-19.457,-16.135],[-7.038,-4.561],[-14.288,23.213]],"c":false}]},{"i":{"x":0.667,"y":1},"o":{"x":0.333,"y":0},"t":6,"s":[{"i":[[0,0],[8.167,0.888],[1.289,-1.218],[0.71,-7.31],[4.039,-4.039]],"o":[[-4.248,4.234],[-8.167,-0.888],[-1.289,1.218],[-0.71,7.31],[0,0]],"v":[[22.845,-21.295],[-4.185,-10.208],[-15.589,-12.539],[-12.143,-1.156],[-23.81,25.36]],"c":false}]},{"i":{"x":0.667,"y":1},"o":{"x":0.333,"y":0},"t":8,"s":[{"i":[[0,0],[8.584,-3.431],[0.644,-0.609],[6.105,-10.155],[2.02,-2.02]],"o":[[-2.124,2.117],[-8.584,3.431],[-0.644,0.609],[-6.105,10.155],[0,0]],"v":[[24.996,-30.82],[2.731,-16.527],[-11.721,-8.943],[-18.748,5.499],[-33.331,27.507]],"c":false}]},{"i":{"x":0.833,"y":1},"o":{"x":0.167,"y":0},"t":10,"s":[{"i":[[0,0],[0,0],[0,0],[0,0],[0,0]],"o":[[0,0],[0,0],[0,0],[0,0],[0,0]],"v":[[27.147,-40.346],[9.709,-22.908],[-7.728,-5.471],[-25.291,12.091],[-42.853,29.654]],"c":false}]},{"i":{"x":0.667,"y":1},"o":{"x":0.167,"y":0},"t":12,"s":[{"i":[[0,0],[0,0],[0,0],[0,0],[0,0]],"o":[[0,0],[0,0],[0,0],[0,0],[0,0]],"v":[[27.147,-40.346],[10.459,-21.783],[-6.228,-3.221],[-24.541,13.216],[-42.853,29.654]],"c":false}]},{"i":{"x":0.667,"y":1},"o":{"x":0.167,"y":0},"t":14,"s":[{"i":[[0,0],[0,0],[0,0],[0,0],[0,0]],"o":[[0,0],[0,0],[0,0],[0,0],[0,0]],"v":[[27.147,-40.346],[9.709,-22.908],[-7.728,-5.471],[-25.291,12.091],[-42.853,29.654]],"c":false}]},{"i":{"x":0.833,"y":0.833},"o":{"x":0.333,"y":0},"t":30,"s":[{"i":[[0,0],[0,0],[0,0],[0,0],[0,0]],"o":[[0,0],[0,0],[0,0],[0,0],[0,0]],"v":[[27.147,-40.346],[9.709,-22.908],[-7.728,-5.471],[-25.291,12.091],[-42.853,29.654]],"c":false}]},{"i":{"x":0.833,"y":0.833},"o":{"x":0.167,"y":0.167},"t":34,"s":[{"i":[[0,0],[3.338,-4.936],[6.088,-6.017],[7.219,-4.909],[3.439,-2.02]],"o":[[-3.037,5.127],[-4.795,7.091],[-6.209,6.136],[-4.944,3.362],[0,0]],"v":[[19.665,-38.663],[10.553,-23.283],[-4.702,-2.627],[-25.905,12.746],[-41.166,22.168]],"c":false}]},{"i":{"x":0.833,"y":0.833},"o":{"x":0.167,"y":0.167},"t":37,"s":[{"i":[[0,0],[0.561,-6.966],[8.015,-7.49],[6.756,-0.134],[0,0]],"o":[[2.168,1.565],[-0.561,6.966],[-8.015,7.49],[-6.756,0.134],[0,0]],"v":[[6.135,-35.619],[12.078,-23.959],[0.768,2.517],[-27.017,13.929],[-38.115,8.632]],"c":false}]},{"i":{"x":1,"y":1},"o":{"x":0.167,"y":0.167},"t":40,"s":[{"i":[[0,0],[-5.726,-9.369],[8.995,-9.01],[9.379,8.821],[0,0]],"o":[[0,0],[5.726,9.369],[-9.481,9.537],[-9.379,-8.821],[0,0]],"v":[[-7.395,-32.575],[13.604,-24.635],[6.239,7.66],[-28.128,15.112],[-35.065,-4.904]],"c":false}]},{"t":44,"s":[{"i":[[0,0],[-11.744,-13.684],[10.63,-11.543],[12.419,12.428],[-12.118,12.118]],"o":[[12.744,-12.703],[10.249,11.942],[-11.925,12.95],[-12.111,-12.12],[0,0]],"v":[[-29.945,-27.501],[16.145,-25.762],[15.356,16.232],[-29.981,17.083],[-29.981,-27.464]],"c":false}]}],"ix":2},"nm":"2","mn":"ADBE Vector Shape - Group","hd":false},{"ty":"st","c":{"a":0,"k":[0.098039217293,0.329411774874,0.537254929543,1],"ix":3},"o":{"a":0,"k":100,"ix":4},"w":{"a":0,"k":10,"ix":5},"lc":2,"lj":1,"ml":4,"bm":0,"nm":"Stroke 1","mn":"ADBE Vector Graphic - Stroke","hd":false},{"ty":"tr","p":{"a":0,"k":[31.114,31.687],"ix":2},"a":{"a":0,"k":[23.262,26.341],"ix":1},"s":{"a":0,"k":[100,100],"ix":3},"r":{"a":0,"k":0,"ix":6},"o":{"a":0,"k":100,"ix":7},"sk":{"a":0,"k":0,"ix":4},"sa":{"a":0,"k":0,"ix":5},"nm":"Transform"}],"nm":"Rectangle 1","np":3,"cix":2,"bm":0,"ix":1,"mn":"ADBE Vector Group","hd":false}],"ip":0,"op":112,"st":0,"bm":0}]}],"layers":[{"ddd":0,"ind":1,"ty":0,"nm":"search","refId":"comp_0","sr":1,"ks":{"o":{"a":0,"k":100,"ix":11},"r":{"a":1,"k":[{"i":{"x":[0.833],"y":[0.833]},"o":{"x":[0.167],"y":[0.167]},"t":0,"s":[0]},{"i":{"x":[0.833],"y":[0.833]},"o":{"x":[0.167],"y":[0.167]},"t":10,"s":[90]},{"i":{"x":[0.833],"y":[0.833]},"o":{"x":[0.167],"y":[0.167]},"t":29,"s":[90]},{"i":{"x":[0.667],"y":[1]},"o":{"x":[0.167],"y":[0.167]},"t":30,"s":[180]},{"i":{"x":[0.667],"y":[1]},"o":{"x":[0.333],"y":[0]},"t":39,"s":[353]},{"i":{"x":[0.667],"y":[1]},"o":{"x":[0.333],"y":[0]},"t":42,"s":[359]},{"i":{"x":[0.667],"y":[1]},"o":{"x":[0.333],"y":[0]},"t":45,"s":[353]},{"t":49,"s":[359]}],"ix":10},"p":{"a":0,"k":[80,80,0],"ix":2},"a":{"a":0,"k":[50,50,0],"ix":1},"s":{"a":0,"k":[100,100,100],"ix":6}},"ao":0,"w":100,"h":100,"ip":0,"op":112,"st":0,"bm":0}],"markers":[]}