{"v":"5.1.20","fr":25,"ip":0,"op":1249,"w":260,"h":195,"nm":"welcome_space","ddd":0,"assets":[{"id":"comp_0","layers":[{"ddd":0,"ind":1,"ty":1,"nm":"F2D24D 3","sr":1,"ks":{"o":{"a":0,"k":100,"ix":11},"r":{"a":0,"k":0,"ix":10},"p":{"a":0,"k":[130,97.5,0],"ix":2},"a":{"a":0,"k":[130,97.5,0],"ix":1},"s":{"a":0,"k":[100,100,100],"ix":6}},"ao":0,"ef":[{"ty":5,"nm":"Gradient Ramp","np":11,"mn":"ADBE Ramp","ix":1,"en":1,"ef":[{"ty":3,"nm":"Start of Ramp","mn":"ADBE Ramp-0001","ix":1,"v":{"a":0,"k":[130,0],"ix":1}},{"ty":2,"nm":"Start Color","mn":"ADBE Ramp-0002","ix":2,"v":{"a":0,"k":[0.317647069693,0.580392181873,0.784313738346,1],"ix":2}},{"ty":3,"nm":"End of Ramp","mn":"ADBE Ramp-0003","ix":3,"v":{"a":0,"k":[130,195],"ix":3}},{"ty":2,"nm":"End Color","mn":"ADBE Ramp-0004","ix":4,"v":{"a":0,"k":[0.156862750649,0.35686275363,0.592156887054,1],"ix":4}},{"ty":7,"nm":"Ramp Shape","mn":"ADBE Ramp-0005","ix":5,"v":{"a":0,"k":1,"ix":5}},{"ty":0,"nm":"Ramp Scatter","mn":"ADBE Ramp-0006","ix":6,"v":{"a":0,"k":0,"ix":6}},{"ty":0,"nm":"Blend With Original","mn":"ADBE Ramp-0007","ix":7,"v":{"a":0,"k":0,"ix":7}},{"ty":6,"nm":"","mn":"ADBE Ramp-0008","ix":8,"v":0},{"ty":7,"nm":"GPU Rendering","mn":"ADBE Force CPU GPU","ix":9,"v":{"a":0,"k":1,"ix":9}}]}],"sw":260,"sh":195,"sc":"#1c75bb","ip":0,"op":255,"st":0,"bm":0}]}],"layers":[{"ddd":0,"ind":1,"ty":1,"nm":"F2D24D 2","sr":1,"ks":{"o":{"a":0,"k":100,"ix":11},"r":{"a":0,"k":0,"ix":10},"p":{"a":1,"k":[{"i":{"x":0.833,"y":0.833},"o":{"x":0.167,"y":0.167},"n":"0p833_0p833_0p167_0p167","t":0,"s":[97.5,35.5,0],"e":[223.5,80.5,0],"to":[36.5,-19,0],"ti":[-11.4166669845581,-37.8333320617676,0]},{"i":{"x":0.833,"y":0.833},"o":{"x":0.167,"y":0.167},"n":"0p833_0p833_0p167_0p167","t":311,"s":[223.5,80.5,0],"e":[157,166.5,0],"to":[9.91666698455811,21.8333339691162,0],"ti":[50.5,-9,0]},{"i":{"x":0.833,"y":0.833},"o":{"x":0.167,"y":0.167},"n":"0p833_0p833_0p167_0p167","t":611,"s":[157,166.5,0],"e":[60.5,125,0],"to":[-50.5,9,0],"ti":[9,37,0]},{"i":{"x":0.833,"y":0.833},"o":{"x":0.167,"y":0.167},"n":"0p833_0p833_0p167_0p167","t":937,"s":[60.5,125,0],"e":[97.5,35.5,0],"to":[-9,-37,0],"ti":[-19.5416660308838,10.7916669845581,0]},{"t":1249}],"ix":2},"a":{"a":0,"k":[130,97.5,0],"ix":1},"s":{"a":0,"k":[100,100,100],"ix":6}},"ao":0,"hasMask":true,"masksProperties":[{"inv":false,"mode":"f","pt":{"a":0,"k":{"i":[[0,0],[0,0],[0,0]],"o":[[0,0],[0,0],[0,0]],"v":[[144,84.749],[123.282,110.251],[116,90.039]],"c":true},"ix":1},"o":{"a":0,"k":100,"ix":3},"x":{"a":0,"k":0,"ix":4},"nm":"Mask 1"}],"sw":260,"sh":195,"sc":"#f38887","ip":0,"op":1315,"st":0,"bm":0},{"ddd":0,"ind":2,"ty":1,"nm":"F2D24D 2","parent":3,"sr":1,"ks":{"o":{"a":0,"k":100,"ix":11},"r":{"a":1,"k":[{"i":{"x":[0.833],"y":[0.833]},"o":{"x":[0.167],"y":[0.167]},"n":["0p833_0p833_0p167_0p167"],"t":0,"s":[0],"e":[-180]},{"i":{"x":[0.833],"y":[0.833]},"o":{"x":[0.167],"y":[0.167]},"n":["0p833_0p833_0p167_0p167"],"t":611,"s":[-180],"e":[-360]},{"t":1249}],"ix":10},"p":{"a":0,"k":[134.5,98.125,0],"ix":2},"a":{"a":0,"k":[130,97.5,0],"ix":1},"s":{"a":0,"k":[100,100,100],"ix":6}},"ao":0,"hasMask":true,"masksProperties":[{"inv":false,"mode":"f","pt":{"a":0,"k":{"i":[[-0.223,1.357],[3.127,0.982],[3.147,0.009],[1.594,-3.411],[0.367,-3.277],[-1.116,-0.544],[-0.556,1.385],[-4.036,2.45],[-1.612,-0.068]],"o":[[0.148,-0.898],[-3.127,-0.982],[-3.147,-0.009],[-1.594,3.411],[-0.367,3.277],[1.116,0.544],[0.556,-1.385],[4.036,-2.45],[1.612,0.068]],"v":[[150.227,95.623],[146.017,92.855],[130.238,89.431],[123.287,93.65],[118.854,109.779],[119.554,114.241],[122.114,111.989],[130.234,97.374],[147.15,96.879]],"c":true},"ix":1},"o":{"a":0,"k":100,"ix":3},"x":{"a":0,"k":0,"ix":4},"nm":"Mask 1"}],"sw":260,"sh":195,"sc":"#f38887","ip":0,"op":1315,"st":0,"bm":0},{"ddd":0,"ind":3,"ty":3,"nm":"F2D24D 2","sr":1,"ks":{"o":{"a":0,"k":100,"ix":11},"r":{"a":0,"k":0,"ix":10},"p":{"a":1,"k":[{"i":{"x":0.833,"y":0.833},"o":{"x":0.167,"y":0.167},"n":"0p833_0p833_0p167_0p167","t":0,"s":[214,134,0],"e":[81.75,151.5,0],"to":[-15.0416669845581,19.1666660308838,0],"ti":[25.375,13.75,0]},{"i":{"x":0.833,"y":0.833},"o":{"x":0.167,"y":0.167},"n":"0p833_0p833_0p167_0p167","t":311,"s":[81.75,151.5,0],"e":[61.75,51.5,0],"to":[-25.375,-13.75,0],"ti":[-20.8333339691162,17,0]},{"i":{"x":0.833,"y":0.833},"o":{"x":0.167,"y":0.167},"n":"0p833_0p833_0p167_0p167","t":611,"s":[61.75,51.5,0],"e":[206.75,49.5,0],"to":[20.8333339691162,-17,0],"ti":[-39,-40.25,0]},{"i":{"x":0.833,"y":0.833},"o":{"x":0.167,"y":0.167},"n":"0p833_0p833_0p167_0p167","t":937,"s":[206.75,49.5,0],"e":[214,134,0],"to":[19.5094528198242,20.1347560882568,0],"ti":[13.7264451980591,-17.4907608032227,0]},{"t":1249}],"ix":2},"a":{"a":0,"k":[130,97.5,0],"ix":1},"s":{"a":0,"k":[100,100,100],"ix":6}},"ao":0,"hasMask":true,"masksProperties":[{"inv":false,"mode":"f","pt":{"a":0,"k":{"i":[[-0.223,1.357],[3.127,0.982],[3.147,0.009],[1.594,-3.411],[0.367,-3.277],[-1.116,-0.544],[-0.556,1.385],[-4.036,2.45],[-1.612,-0.068]],"o":[[0.148,-0.898],[-3.127,-0.982],[-3.147,-0.009],[-1.594,3.411],[-0.367,3.277],[1.116,0.544],[0.556,-1.385],[4.036,-2.45],[1.612,0.068]],"v":[[135.352,98.748],[131.142,95.98],[115.363,92.556],[108.412,96.775],[103.979,112.904],[104.679,117.366],[107.239,115.114],[115.359,100.499],[132.275,100.004]],"c":true},"ix":1},"o":{"a":0,"k":100,"ix":3},"x":{"a":0,"k":0,"ix":4},"nm":"Mask 1"}],"ip":0,"op":1315,"st":0,"bm":0},{"ddd":0,"ind":4,"ty":1,"nm":"F2D24D","sr":1,"ks":{"o":{"a":0,"k":100,"ix":11},"r":{"a":0,"k":0,"ix":10},"p":{"a":1,"k":[{"i":{"x":0.833,"y":0.833},"o":{"x":0.167,"y":0.167},"n":"0p833_0p833_0p167_0p167","t":0,"s":[80.5,154,0],"e":[69.5,53,0],"to":[-30.5,-35,0],"ti":[-19.6666660308838,20.3333339691162,0]},{"i":{"x":0.833,"y":0.833},"o":{"x":0.167,"y":0.167},"n":"0p833_0p833_0p167_0p167","t":311,"s":[69.5,53,0],"e":[198.5,32,0],"to":[19.6666660308838,-20.3333339691162,0],"ti":[-31.5,-24.5,0]},{"i":{"x":0.833,"y":0.833},"o":{"x":0.167,"y":0.167},"n":"0p833_0p833_0p167_0p167","t":611,"s":[198.5,32,0],"e":[205,154,0],"to":[31.5,24.5,0],"ti":[19.6666660308838,-20.3333339691162,0]},{"i":{"x":0.833,"y":0.833},"o":{"x":0.167,"y":0.167},"n":"0p833_0p833_0p167_0p167","t":937,"s":[205,154,0],"e":[80.5,154,0],"to":[-19.6666660308838,20.3333339691162,0],"ti":[30,25,0]},{"t":1249}],"ix":2},"a":{"a":0,"k":[130,97.5,0],"ix":1},"s":{"a":0,"k":[100,100,100],"ix":6}},"ao":0,"hasMask":true,"masksProperties":[{"inv":false,"mode":"a","pt":{"a":0,"k":{"i":[[0,0],[0,0],[0,0],[0,0]],"o":[[0,0],[0,0],[0,0],[0,0]],"v":[[144,97],[129.5,82.5],[115,97],[129.5,111.5]],"c":true},"ix":1},"o":{"a":0,"k":100,"ix":3},"x":{"a":0,"k":0,"ix":4},"nm":"Mask 1"}],"sw":260,"sh":195,"sc":"#f2d24d","ip":0,"op":1315,"st":0,"bm":0},{"ddd":0,"ind":5,"ty":1,"nm":"White Solid 5","sr":1,"ks":{"o":{"a":0,"k":100,"ix":11},"r":{"a":0,"k":0,"ix":10},"p":{"a":0,"k":[130,97.5,0],"ix":2},"a":{"a":0,"k":[130,97.5,0],"ix":1},"s":{"a":0,"k":[100,100,100],"ix":6}},"ao":0,"hasMask":true,"masksProperties":[{"inv":false,"mode":"f","pt":{"a":1,"k":[{"i":{"x":0.833,"y":0.833},"o":{"x":0.167,"y":0.167},"n":"0p833_0p833_0p167_0p167","t":0,"s":[{"i":[[3.157,0],[-0.395,-3.458],[-2.907,0.045],[-0.626,3.064]],"o":[[-3.378,0],[0.33,2.889],[3.104,-0.048],[0.703,-3.443]],"v":[[126.572,96.132],[120.896,102.521],[126.661,107.562],[132.288,101.847]],"c":true}],"e":[{"i":[[3.978,0],[-0.498,-4.358],[-3.664,0.057],[-0.788,3.861]],"o":[[-4.257,0],[0.416,3.64],[3.912,-0.061],[0.886,-4.339]],"v":[[124.902,96.132],[117.748,104.183],[125.014,110.536],[132.105,103.334]],"c":true}]},{"i":{"x":0.833,"y":0.833},"o":{"x":0.167,"y":0.167},"n":"0p833_0p833_0p167_0p167","t":611,"s":[{"i":[[3.978,0],[-0.498,-4.358],[-3.664,0.057],[-0.788,3.861]],"o":[[-4.257,0],[0.416,3.64],[3.912,-0.061],[0.886,-4.339]],"v":[[124.902,96.132],[117.748,104.183],[125.014,110.536],[132.105,103.334]],"c":true}],"e":[{"i":[[3.157,0],[-0.395,-3.458],[-2.907,0.045],[-0.626,3.064]],"o":[[-3.378,0],[0.33,2.889],[3.104,-0.048],[0.703,-3.443]],"v":[[126.572,96.132],[120.896,102.521],[126.661,107.562],[132.288,101.847]],"c":true}]},{"t":1249}],"ix":1},"o":{"a":0,"k":100,"ix":3},"x":{"a":0,"k":0,"ix":4},"nm":"Mask 1"}],"sw":260,"sh":195,"sc":"#ffffff","ip":0,"op":1315,"st":0,"bm":0},{"ddd":0,"ind":6,"ty":1,"nm":"White Solid 5","sr":1,"ks":{"o":{"a":0,"k":100,"ix":11},"r":{"a":0,"k":0,"ix":10},"p":{"a":0,"k":[130,97.5,0],"ix":2},"a":{"a":0,"k":[130,97.5,0],"ix":1},"s":{"a":0,"k":[100,100,100],"ix":6}},"ao":0,"hasMask":true,"masksProperties":[{"inv":false,"mode":"f","pt":{"a":1,"k":[{"i":{"x":0.833,"y":0.833},"o":{"x":0.167,"y":0.167},"n":"0p833_0p833_0p167_0p167","t":0,"s":[{"i":[[5.018,2.472],[2.753,-6.93],[-4.736,-2.385],[-2.981,4.771]],"o":[[-5.145,-2.535],[-1.958,4.928],[5.043,2.54],[2.922,-4.675]],"v":[[145.22,78.928],[131.448,84.038],[136.183,97.06],[149.578,92.491]],"c":true}],"e":[{"i":[[5.564,2.741],[3.052,-7.683],[-5.25,-2.644],[-3.305,5.289]],"o":[[-5.704,-2.81],[-2.17,5.463],[5.591,2.816],[3.239,-5.183]],"v":[[146.929,76.682],[131.66,82.348],[136.91,96.784],[151.761,91.719]],"c":true}]},{"i":{"x":0.833,"y":0.833},"o":{"x":0.167,"y":0.167},"n":"0p833_0p833_0p167_0p167","t":611,"s":[{"i":[[5.564,2.741],[3.052,-7.683],[-5.25,-2.644],[-3.305,5.289]],"o":[[-5.704,-2.81],[-2.17,5.463],[5.591,2.816],[3.239,-5.183]],"v":[[146.929,76.682],[131.66,82.348],[136.91,96.784],[151.761,91.719]],"c":true}],"e":[{"i":[[5.018,2.472],[2.753,-6.93],[-4.736,-2.385],[-2.981,4.771]],"o":[[-5.145,-2.535],[-1.958,4.928],[5.043,2.54],[2.922,-4.675]],"v":[[145.22,78.928],[131.448,84.038],[136.183,97.06],[149.578,92.491]],"c":true}]},{"t":1249}],"ix":1},"o":{"a":0,"k":100,"ix":3},"x":{"a":0,"k":0,"ix":4},"nm":"Mask 2"}],"sw":260,"sh":195,"sc":"#ffffff","ip":0,"op":1315,"st":0,"bm":0},{"ddd":0,"ind":7,"ty":0,"nm":"F2D24D 3 Comp 1","refId":"comp_0","sr":5.71000003814697,"ks":{"o":{"a":0,"k":100,"ix":11},"r":{"a":0,"k":0,"ix":10},"p":{"a":0,"k":[62.75,86.5,0],"ix":2},"a":{"a":0,"k":[130,97.5,0],"ix":1},"s":{"a":0,"k":[100,100,100],"ix":6}},"ao":0,"hasMask":true,"masksProperties":[{"inv":false,"mode":"f","pt":{"a":0,"k":{"i":[[12.848,0],[0,0],[0.085,0.006],[0.196,0],[0,12.848],[-11.67,1.258],[-4.088,3.358],[-6.428,0],[-5.074,-4.45],[-1.267,-5.771],[0,-8.559]],"o":[[0,0],[-0.087,0],[-0.206,0.006],[-12.848,0],[0,-11.999],[1.645,-4.976],[4.959,-4.074],[6.756,0],[4.487,3.935],[7.404,4.066],[0,12.848]],"v":[[223.45,133.792],[184.411,133.792],[184.153,133.784],[183.55,133.792],[160.25,110.492],[181.035,87.326],[189.818,74.525],[207.476,68.208],[225.822,75.108],[234.668,90.066],[246.75,110.492]],"c":true},"ix":1},"o":{"a":0,"k":100,"ix":3},"x":{"a":0,"k":0,"ix":4},"nm":"Mask 1"}],"ef":[{"ty":5,"nm":"Gradient Ramp","np":11,"mn":"ADBE Ramp","ix":1,"en":1,"ef":[{"ty":3,"nm":"Start of Ramp","mn":"ADBE Ramp-0001","ix":1,"v":{"a":0,"k":[130,0],"ix":1}},{"ty":2,"nm":"Start Color","mn":"ADBE Ramp-0002","ix":2,"v":{"a":0,"k":[0.109803929925,0.458823561668,0.733333349228,1],"ix":2}},{"ty":3,"nm":"End of Ramp","mn":"ADBE Ramp-0003","ix":3,"v":{"a":0,"k":[130,195],"ix":3}},{"ty":2,"nm":"End Color","mn":"ADBE Ramp-0004","ix":4,"v":{"a":0,"k":[0.016329770908,0.221828043461,0.383455872536,1],"ix":4}},{"ty":7,"nm":"Ramp Shape","mn":"ADBE Ramp-0005","ix":5,"v":{"a":0,"k":1,"ix":5}},{"ty":0,"nm":"Ramp Scatter","mn":"ADBE Ramp-0006","ix":6,"v":{"a":0,"k":0,"ix":6}},{"ty":0,"nm":"Blend With Original","mn":"ADBE Ramp-0007","ix":7,"v":{"a":0,"k":0,"ix":7}},{"ty":6,"nm":"","mn":"ADBE Ramp-0008","ix":8,"v":0},{"ty":7,"nm":"GPU Rendering","mn":"ADBE Force CPU GPU","ix":9,"v":{"a":0,"k":1,"ix":9}}]}],"w":260,"h":195,"ip":-34,"op":1422.05000972748,"st":-34,"bm":0},{"ddd":0,"ind":8,"ty":3,"nm":"Null 2","sr":1,"ks":{"o":{"a":0,"k":0,"ix":11},"r":{"a":0,"k":0,"ix":10},"p":{"a":1,"k":[{"i":{"x":0.833,"y":0.833},"o":{"x":0.167,"y":0.167},"n":"0p833_0p833_0p167_0p167","t":0,"s":[53.5,71,0],"e":[171.5,22,0],"to":[23.6666660308838,-48.1666679382324,0],"ti":[-28.312894821167,-5.33900308609009,0]},{"i":{"x":0.833,"y":0.833},"o":{"x":0.167,"y":0.167},"n":"0p833_0p833_0p167_0p167","t":247,"s":[171.5,22,0],"e":[220,117.5,0],"to":[43.75,8.25,0],"ti":[9.23011016845703,-23.6943683624268,0]},{"i":{"x":0.833,"y":0.833},"o":{"x":0.167,"y":0.167},"n":"0p833_0p833_0p167_0p167","t":560,"s":[220,117.5,0],"e":[107.5,160.5,0],"to":[-13.6666669845581,35.0833320617676,0],"ti":[36.25,14.75,0]},{"i":{"x":0.833,"y":0.833},"o":{"x":0.167,"y":0.167},"n":"0p833_0p833_0p167_0p167","t":929,"s":[107.5,160.5,0],"e":[53.5,71,0],"to":[-26.6872329711914,-10.8589429855347,0],"ti":[-11.9478225708008,43.4063911437988,0]},{"t":1249}],"ix":2},"a":{"a":0,"k":[0,0,0],"ix":1},"s":{"a":0,"k":[33,33,100],"ix":6}},"ao":0,"ip":0,"op":1315,"st":0,"bm":0},{"ddd":0,"ind":9,"ty":1,"nm":"F2D24D 3","parent":8,"sr":1,"ks":{"o":{"a":0,"k":100,"ix":11},"r":{"a":0,"k":0,"ix":10},"p":{"a":0,"k":[28.03,1.515,0],"ix":2},"a":{"a":0,"k":[130,97.5,0],"ix":1},"s":{"a":0,"k":[303.03,303.03,100],"ix":6}},"ao":0,"hasMask":true,"masksProperties":[{"inv":false,"mode":"a","pt":{"a":0,"k":{"i":[[2.564,0],[0,-2.564],[-2.564,0],[0,2.564]],"o":[[-2.564,0],[0,2.564],[2.564,0],[0,-2.564]],"v":[[126.994,101],[122.351,105.643],[126.994,110.286],[131.637,105.643]],"c":true},"ix":1},"o":{"a":0,"k":100,"ix":3},"x":{"a":0,"k":0,"ix":4},"nm":"Mask 2"}],"sw":260,"sh":195,"sc":"#1c75bb","ip":-124,"op":1321,"st":-124,"bm":0},{"ddd":0,"ind":10,"ty":1,"nm":"F2D24D 3","parent":8,"sr":1,"ks":{"o":{"a":0,"k":100,"ix":11},"r":{"a":0,"k":0,"ix":10},"p":{"a":0,"k":[-6.061,-39.394,0],"ix":2},"a":{"a":0,"k":[130,97.5,0],"ix":1},"s":{"a":0,"k":[303.03,303.03,100],"ix":6}},"ao":0,"hasMask":true,"masksProperties":[{"inv":false,"mode":"a","pt":{"a":0,"k":{"i":[[2.564,0],[0,-2.564],[-2.564,0],[0,2.564]],"o":[[-2.564,0],[0,2.564],[2.564,0],[0,-2.564]],"v":[[126.994,101],[122.351,105.643],[126.994,110.286],[131.637,105.643]],"c":true},"ix":1},"o":{"a":0,"k":100,"ix":3},"x":{"a":0,"k":0,"ix":4},"nm":"Mask 2"}],"sw":260,"sh":195,"sc":"#1c75bb","ip":-124,"op":1321,"st":-124,"bm":0},{"ddd":0,"ind":11,"ty":1,"nm":"F2D24D 3","parent":8,"sr":1,"ks":{"o":{"a":0,"k":100,"ix":11},"r":{"a":0,"k":0,"ix":10},"p":{"a":0,"k":[-75.189,13.447,0],"ix":2},"a":{"a":0,"k":[130,97.5,0],"ix":1},"s":{"a":0,"k":[303.03,303.03,100],"ix":6}},"ao":0,"hasMask":true,"masksProperties":[{"inv":false,"mode":"a","pt":{"a":0,"k":{"i":[[2.086,0],[0,-2.086],[-2.086,0],[0,2.086]],"o":[[-2.086,0],[0,2.086],[2.086,0],[0,-2.086]],"v":[[143.973,99.887],[140.196,103.664],[143.973,107.441],[147.75,103.664]],"c":true},"ix":1},"o":{"a":0,"k":100,"ix":3},"x":{"a":0,"k":0,"ix":4},"nm":"Mask 2"}],"sw":260,"sh":195,"sc":"#1c75bb","ip":-124,"op":1321,"st":-124,"bm":0},{"ddd":0,"ind":12,"ty":1,"nm":"F2D24D 3","parent":8,"sr":1,"ks":{"o":{"a":0,"k":100,"ix":11},"r":{"a":0,"k":0,"ix":10},"p":{"a":0,"k":[-6.061,-39.394,0],"ix":2},"a":{"a":0,"k":[130,97.5,0],"ix":1},"s":{"a":0,"k":[303.03,303.03,100],"ix":6}},"ao":0,"hasMask":true,"masksProperties":[{"inv":false,"mode":"a","pt":{"a":0,"k":{"i":[[2.017,0],[0,-2.017],[-2.017,0],[0,2.017]],"o":[[-2.017,0],[0,2.017],[2.017,0],[0,-2.017]],"v":[[143.973,100.012],[140.321,103.664],[143.973,107.316],[147.625,103.664]],"c":true},"ix":1},"o":{"a":0,"k":100,"ix":3},"x":{"a":0,"k":0,"ix":4},"nm":"Mask 2"}],"sw":260,"sh":195,"sc":"#1c75bb","ip":-124,"op":1321,"st":-124,"bm":0},{"ddd":0,"ind":13,"ty":1,"nm":"F2D24D","sr":1,"ks":{"o":{"a":0,"k":100,"ix":11},"r":{"a":0,"k":0,"ix":10},"p":{"a":1,"k":[{"i":{"x":0.833,"y":0.833},"o":{"x":0.167,"y":0.167},"n":"0p833_0p833_0p167_0p167","t":0,"s":[44.5,115.5,0],"e":[138.5,16.5,0],"to":[-6,-47.5,0],"ti":[-59.9166679382324,5.45833349227905,0]},{"i":{"x":0.833,"y":0.833},"o":{"x":0.167,"y":0.167},"n":"0p833_0p833_0p167_0p167","t":323,"s":[138.5,16.5,0],"e":[230,85.75,0],"to":[59.9166679382324,-5.45833349227905,0],"ti":[-6.08333349227905,-24.125,0]},{"i":{"x":0.833,"y":0.833},"o":{"x":0.167,"y":0.167},"n":"0p833_0p833_0p167_0p167","t":611,"s":[230,85.75,0],"e":[175,161.25,0],"to":[6.08333349227905,24.125,0],"ti":[30.9166660308838,-4.95833349227905,0]},{"i":{"x":0.833,"y":0.833},"o":{"x":0.167,"y":0.167},"n":"0p833_0p833_0p167_0p167","t":937,"s":[175,161.25,0],"e":[44.5,115.5,0],"to":[-30.9166660308838,4.95833349227905,0],"ti":[19.5,41.5,0]},{"t":1249}],"ix":2},"a":{"a":0,"k":[130,97.5,0],"ix":1},"s":{"a":0,"k":[100,100,100],"ix":6}},"ao":0,"hasMask":true,"masksProperties":[{"inv":false,"mode":"f","pt":{"a":0,"k":{"i":[[2.143,0],[-0.268,-2.347],[-1.973,0.031],[-0.425,2.08]],"o":[[-2.293,0],[0.224,1.961],[2.107,-0.033],[0.477,-2.337]],"v":[[133.955,99.717],[130.102,104.054],[134.016,107.476],[137.835,103.597]],"c":true},"ix":1},"o":{"a":0,"k":100,"ix":3},"x":{"a":0,"k":0,"ix":4},"nm":"Mask 1"}],"sw":260,"sh":195,"sc":"#f2d24d","ip":-124,"op":1321,"st":-124,"bm":0},{"ddd":0,"ind":14,"ty":1,"nm":"F2D24D","sr":1,"ks":{"o":{"a":0,"k":100,"ix":11},"r":{"a":0,"k":0,"ix":10},"p":{"a":1,"k":[{"i":{"x":0.833,"y":0.833},"o":{"x":0.167,"y":0.167},"n":"0p833_0p833_0p167_0p167","t":0,"s":[214.5,35.5,0],"e":[148.5,112.5,0],"to":[33,32.5,0],"ti":[30,-3.66666674613953,0]},{"i":{"x":0.833,"y":0.833},"o":{"x":0.167,"y":0.167},"n":"0p833_0p833_0p167_0p167","t":311,"s":[148.5,112.5,0],"e":[34.5,57.5,0],"to":[-30,3.66666674613953,0],"ti":[4,50.5,0]},{"i":{"x":0.833,"y":0.833},"o":{"x":0.167,"y":0.167},"n":"0p833_0p833_0p167_0p167","t":611,"s":[34.5,57.5,0],"e":[132.5,-22.5,0],"to":[-4,-50.5,0],"ti":[-50,-3,0]},{"i":{"x":0.833,"y":0.833},"o":{"x":0.167,"y":0.167},"n":"0p833_0p833_0p167_0p167","t":937,"s":[132.5,-22.5,0],"e":[214.5,35.5,0],"to":[50,3,0],"ti":[-2,-31,0]},{"t":1249}],"ix":2},"a":{"a":0,"k":[130,97.5,0],"ix":1},"s":{"a":0,"k":[100,100,100],"ix":6}},"ao":0,"hasMask":true,"masksProperties":[{"inv":false,"mode":"f","pt":{"a":0,"k":{"i":[[5.29,2.606],[2.902,-7.305],[-4.992,-2.514],[-3.143,5.029]],"o":[[-5.423,-2.672],[-2.063,5.195],[5.315,2.677],[3.08,-4.928]],"v":[[141.081,135.533],[126.563,140.92],[131.555,154.645],[145.675,149.83]],"c":true},"ix":1},"o":{"a":0,"k":100,"ix":3},"x":{"a":0,"k":0,"ix":4},"nm":"Mask 2"}],"sw":260,"sh":195,"sc":"#f2d24d","ip":0,"op":1315,"st":0,"bm":0},{"ddd":0,"ind":15,"ty":1,"nm":"F2D24D","sr":1,"ks":{"o":{"a":0,"k":100,"ix":11},"r":{"a":0,"k":0,"ix":10},"p":{"a":1,"k":[{"i":{"x":0.833,"y":0.833},"o":{"x":0.167,"y":0.167},"n":"0p833_0p833_0p167_0p167","t":0,"s":[214.5,35.5,0],"e":[148.5,112.5,0],"to":[33,32.5,0],"ti":[30,-3.66666674613953,0]},{"i":{"x":0.833,"y":0.833},"o":{"x":0.167,"y":0.167},"n":"0p833_0p833_0p167_0p167","t":311,"s":[148.5,112.5,0],"e":[34.5,57.5,0],"to":[-30,3.66666674613953,0],"ti":[4,50.5,0]},{"i":{"x":0.833,"y":0.833},"o":{"x":0.167,"y":0.167},"n":"0p833_0p833_0p167_0p167","t":611,"s":[34.5,57.5,0],"e":[132.5,-22.5,0],"to":[-4,-50.5,0],"ti":[-50,-3,0]},{"i":{"x":0.833,"y":0.833},"o":{"x":0.167,"y":0.167},"n":"0p833_0p833_0p167_0p167","t":937,"s":[132.5,-22.5,0],"e":[214.5,35.5,0],"to":[50,3,0],"ti":[-2,-31,0]},{"t":1249}],"ix":2},"a":{"a":0,"k":[130,97.5,0],"ix":1},"s":{"a":0,"k":[100,100,100],"ix":6}},"ao":0,"hasMask":true,"masksProperties":[{"inv":false,"mode":"f","pt":{"a":0,"k":{"i":[[2.143,0],[-0.268,-2.347],[-1.973,0.031],[-0.425,2.08]],"o":[[-2.293,0],[0.224,1.961],[2.107,-0.033],[0.477,-2.337]],"v":[[158.955,149.717],[155.102,154.054],[159.016,157.476],[162.835,153.597]],"c":true},"ix":1},"o":{"a":0,"k":100,"ix":3},"x":{"a":0,"k":0,"ix":4},"nm":"Mask 1"}],"sw":260,"sh":195,"sc":"#f2d24d","ip":0,"op":1315,"st":0,"bm":0},{"ddd":0,"ind":16,"ty":1,"nm":"2D9D82","sr":1,"ks":{"o":{"a":0,"k":100,"ix":11},"r":{"a":0,"k":0,"ix":10},"p":{"a":1,"k":[{"i":{"x":0.833,"y":0.833},"o":{"x":0.167,"y":0.167},"n":"0p833_0p833_0p167_0p167","t":0,"s":[141.5,163.5,0],"e":[51,101,0],"to":[-33.75,0.5,0],"ti":[2.08333325386047,23.1666660308838,0]},{"i":{"x":0.833,"y":0.833},"o":{"x":0.167,"y":0.167},"n":"0p833_0p833_0p167_0p167","t":323,"s":[51,101,0],"e":[129,24.5,0],"to":[-2.08333325386047,-23.1666660308838,0],"ti":[-29.1666660308838,2.83333325386047,0]},{"i":{"x":0.833,"y":0.833},"o":{"x":0.167,"y":0.167},"n":"0p833_0p833_0p167_0p167","t":611,"s":[129,24.5,0],"e":[226,84,0],"to":[29.1666660308838,-2.83333325386047,0],"ti":[-2.08333325386047,-23.1666660308838,0]},{"i":{"x":0.833,"y":0.833},"o":{"x":0.167,"y":0.167},"n":"0p833_0p833_0p167_0p167","t":937,"s":[226,84,0],"e":[141.5,163.5,0],"to":[2.08333325386047,23.1666660308838,0],"ti":[40.5,-0.25,0]},{"t":1249}],"ix":2},"a":{"a":0,"k":[130,97.5,0],"ix":1},"s":{"a":0,"k":[100,100,100],"ix":6}},"ao":0,"hasMask":true,"masksProperties":[{"inv":false,"mode":"f","pt":{"a":0,"k":{"i":[[0,0],[0,0],[0,0],[0,0]],"o":[[0,0],[0,0],[0,0],[0,0]],"v":[[147,92.715],[117.356,109.83],[113,102.285],[142.644,85.17]],"c":true},"ix":1},"o":{"a":0,"k":100,"ix":3},"x":{"a":0,"k":0,"ix":4},"nm":"Mask 1"}],"sw":260,"sh":195,"sc":"#2d9d82","ip":0,"op":1315,"st":0,"bm":0},{"ddd":0,"ind":17,"ty":1,"nm":"Medium Gray-Cyan Solid 1","sr":1,"ks":{"o":{"a":0,"k":100,"ix":11},"r":{"a":0,"k":0,"ix":10},"p":{"a":1,"k":[{"i":{"x":0.833,"y":0.833},"o":{"x":0.167,"y":0.167},"n":"0p833_0p833_0p167_0p167","t":0,"s":[185.5,31.5,0],"e":[219.5,129.5,0],"to":[21.75,9,0],"ti":[14.75,-21.25,0]},{"i":{"x":0.833,"y":0.833},"o":{"x":0.167,"y":0.167},"n":"0p833_0p833_0p167_0p167","t":311,"s":[219.5,129.5,0],"e":[97,159,0],"to":[-14.75,21.25,0],"ti":[25.5,11.3333330154419,0]},{"i":{"x":0.833,"y":0.833},"o":{"x":0.167,"y":0.167},"n":"0p833_0p833_0p167_0p167","t":615,"s":[97,159,0],"e":[66.5,61.5,0],"to":[-25.5,-11.3333330154419,0],"ti":[-14.75,21.25,0]},{"i":{"x":0.833,"y":0.833},"o":{"x":0.167,"y":0.167},"n":"0p833_0p833_0p167_0p167","t":937,"s":[66.5,61.5,0],"e":[185.5,31.5,0],"to":[14.75,-21.25,0],"ti":[-24.75,-14,0]},{"t":1249}],"ix":2},"a":{"a":0,"k":[130,97.5,0],"ix":1},"s":{"a":0,"k":[100,100,100],"ix":6}},"ao":0,"hasMask":true,"masksProperties":[{"inv":false,"mode":"a","pt":{"a":0,"k":{"i":[[0,0],[0,0],[0,0],[0,0]],"o":[[0,0],[0,0],[0,0],[0,0]],"v":[[145.5,97],[129.5,81],[113.5,97],[129.5,113]],"c":true},"ix":1},"o":{"a":0,"k":100,"ix":3},"x":{"a":0,"k":0,"ix":4},"nm":"Mask 1"}],"sw":260,"sh":195,"sc":"#376f70","ip":0,"op":1315,"st":0,"bm":0}],"markers":[]}