{
  "project_info": {
    "project_number": "297172842815",
    "firebase_url": "https://kacperlitwinow-e2238-default-rtdb.firebaseio.com",
    "project_id": "kacperlitwinow-e2238",
    "storage_bucket": "kacperlitwinow-e2238.appspot.com"
  },
  "client": [
    {
      "client_info": {
        "mobilesdk_app_id": "1:297172842815:android:87d621494f6acd576dfb8a",
        "android_client_info": {
          "package_name": "com.kacper.itemxxx"
        }
      },
      "oauth_client": [
        {
          "client_id": "297172842815-epmc8oth0p4ir5c9qdlh6e10j6tnsfbf.apps.googleusercontent.com",
          "client_type": 3
        }
      ],
      "api_key": [
        {
          "current_key": "AIzaSyDK52sBA53n3HYpwrBdmWHEN-iPBFjDyJw"
        }
      ],
      "services": {
        "appinvite_service": {
          "other_platform_oauth_client": [
            {
              "client_id": "297172842815-epmc8oth0p4ir5c9qdlh6e10j6tnsfbf.apps.googleusercontent.com",
              "client_type": 3
            }
          ]
        }
      }
    }
  ],
  "configuration_version": "1"
}